ISO-10303-21;
HEADER;
/* Generated by software containing ST-Developer
 * from STEP Tools, Inc. (www.steptools.com) 
 */

FILE_DESCRIPTION(
/* description */ (''),
/* implementation_level */ '2;1');

FILE_NAME(
/* name */ 'fluorescence_cooling_cell_installed.step',
/* time_stamp */ '2026-09-21T12:24:47-04:00',
/* author */ ('MITBeamBox_01'),
/* organization */ (''),
/* preprocessor_version */ 'ST-DEVELOPER v20.1',
/* originating_system */ 'Autodesk Inventor 2026',
/* authorisation */ '');

FILE_SCHEMA (('AUTOMOTIVE_DESIGN { 1 0 10303 214 3 1 1 }'));
ENDSEC;

DATA;
#10=MECHANICAL_DESIGN_GEOMETRIC_PRESENTATION_REPRESENTATION('',(#53,#54,
#55,#56,#57,#58,#59,#60),#4712);
#11=ITEM_DEFINED_TRANSFORMATION($,$,#2828,#3118);
#12=ITEM_DEFINED_TRANSFORMATION($,$,#2987,#3119);
#13=ITEM_DEFINED_TRANSFORMATION($,$,#3043,#3120);
#14=ITEM_DEFINED_TRANSFORMATION($,$,#3010,#3121);
#15=ITEM_DEFINED_TRANSFORMATION($,$,#3036,#3122);
#16=ITEM_DEFINED_TRANSFORMATION($,$,#3043,#3123);
#17=ITEM_DEFINED_TRANSFORMATION($,$,#3062,#3124);
#18=(
REPRESENTATION_RELATIONSHIP($,$,#4743,#4742)
REPRESENTATION_RELATIONSHIP_WITH_TRANSFORMATION(#11)
SHAPE_REPRESENTATION_RELATIONSHIP()
);
#19=(
REPRESENTATION_RELATIONSHIP($,$,#4744,#4742)
REPRESENTATION_RELATIONSHIP_WITH_TRANSFORMATION(#12)
SHAPE_REPRESENTATION_RELATIONSHIP()
);
#20=(
REPRESENTATION_RELATIONSHIP($,$,#4747,#4742)
REPRESENTATION_RELATIONSHIP_WITH_TRANSFORMATION(#13)
SHAPE_REPRESENTATION_RELATIONSHIP()
);
#21=(
REPRESENTATION_RELATIONSHIP($,$,#4745,#4742)
REPRESENTATION_RELATIONSHIP_WITH_TRANSFORMATION(#14)
SHAPE_REPRESENTATION_RELATIONSHIP()
);
#22=(
REPRESENTATION_RELATIONSHIP($,$,#4746,#4742)
REPRESENTATION_RELATIONSHIP_WITH_TRANSFORMATION(#15)
SHAPE_REPRESENTATION_RELATIONSHIP()
);
#23=(
REPRESENTATION_RELATIONSHIP($,$,#4747,#4742)
REPRESENTATION_RELATIONSHIP_WITH_TRANSFORMATION(#16)
SHAPE_REPRESENTATION_RELATIONSHIP()
);
#24=(
REPRESENTATION_RELATIONSHIP($,$,#4748,#4742)
REPRESENTATION_RELATIONSHIP_WITH_TRANSFORMATION(#17)
SHAPE_REPRESENTATION_RELATIONSHIP()
);
#25=CONTEXT_DEPENDENT_SHAPE_REPRESENTATION(#18,#4735);
#26=CONTEXT_DEPENDENT_SHAPE_REPRESENTATION(#19,#4736);
#27=CONTEXT_DEPENDENT_SHAPE_REPRESENTATION(#20,#4737);
#28=CONTEXT_DEPENDENT_SHAPE_REPRESENTATION(#21,#4738);
#29=CONTEXT_DEPENDENT_SHAPE_REPRESENTATION(#22,#4739);
#30=CONTEXT_DEPENDENT_SHAPE_REPRESENTATION(#23,#4740);
#31=CONTEXT_DEPENDENT_SHAPE_REPRESENTATION(#24,#4741);
#32=NEXT_ASSEMBLY_USAGE_OCCURRENCE('fluorescence cooling cell-1',
'fluorescence cooling cell-1','fluorescence cooling cell-1',#4750,#4751,
'fluorescence cooling cell-1');
#33=NEXT_ASSEMBLY_USAGE_OCCURRENCE('fluorescence side window cover-2',
'fluorescence side window cover-2','fluorescence side window cover-2',#4750,
#4752,'fluorescence side window cover-2');
#34=NEXT_ASSEMBLY_USAGE_OCCURRENCE('fluorescence window cover-2',
'fluorescence window cover-2','fluorescence window cover-2',#4750,#4755,
'fluorescence window cover-2');
#35=NEXT_ASSEMBLY_USAGE_OCCURRENCE('cooling cell output cover-1',
'cooling cell output cover-1','cooling cell output cover-1',#4750,#4753,
'cooling cell output cover-1');
#36=NEXT_ASSEMBLY_USAGE_OCCURRENCE('fluorescence side window-1',
'fluorescence side window-1','fluorescence side window-1',#4750,#4754,
'fluorescence side window-1');
#37=NEXT_ASSEMBLY_USAGE_OCCURRENCE('fluorescence window cover:2',
'fluorescence window cover:2','fluorescence window cover:2',#4750,#4755,
'fluorescence window cover:2');
#38=NEXT_ASSEMBLY_USAGE_OCCURRENCE('Cooling cell gas inlet:1',
'Cooling cell gas inlet:1','Cooling cell gas inlet:1',#4750,#4756,
'Cooling cell gas inlet:1');
#39=B_SPLINE_CURVE_WITH_KNOTS('',3,(#4623,#4624,#4625,#4626,#4627,#4628,
#4629,#4630,#4631,#4632,#4633,#4634,#4635,#4636,#4637,#4638,#4639,#4640,
#4641),.UNSPECIFIED.,.F.,.F.,(4,2,2,2,3,2,2,2,4),(0.409068541443558,0.44931823445842,
0.489567927473282,0.519445516907106,0.549323106340929,0.579200695774753,
0.609078285208576,0.649327978223438,0.6895776712383),.UNSPECIFIED.);
#40=B_SPLINE_CURVE_WITH_KNOTS('',3,(#4642,#4643,#4644,#4645,#4646,#4647,
#4648,#4649,#4650,#4651,#4652,#4653,#4654,#4655,#4656,#4657,#4658,#4659),
 .UNSPECIFIED.,.F.,.F.,(4,2,2,2,2,2,2,2,4),(0.6895776712383,0.727310879996599,
0.765044088754898,0.794514374133146,0.823984659511394,0.853454944889642,
0.88292523026789,0.920658439026189,0.958391647784488),.UNSPECIFIED.);
#41=SHAPE_REPRESENTATION_RELATIONSHIP('SRR','None',#4743,#47);
#42=SHAPE_REPRESENTATION_RELATIONSHIP('SRR','None',#4744,#48);
#43=SHAPE_REPRESENTATION_RELATIONSHIP('SRR','None',#4745,#49);
#44=SHAPE_REPRESENTATION_RELATIONSHIP('SRR','None',#4746,#50);
#45=SHAPE_REPRESENTATION_RELATIONSHIP('SRR','None',#4747,#51);
#46=SHAPE_REPRESENTATION_RELATIONSHIP('SRR','None',#4748,#52);
#47=ADVANCED_BREP_SHAPE_REPRESENTATION('',(#61),#4706);
#48=ADVANCED_BREP_SHAPE_REPRESENTATION('',(#62),#4707);
#49=ADVANCED_BREP_SHAPE_REPRESENTATION('',(#63),#4708);
#50=ADVANCED_BREP_SHAPE_REPRESENTATION('',(#64),#4709);
#51=ADVANCED_BREP_SHAPE_REPRESENTATION('',(#65),#4710);
#52=ADVANCED_BREP_SHAPE_REPRESENTATION('',(#66),#4711);
#53=STYLED_ITEM('',(#2714),#61);
#54=STYLED_ITEM('',(#2715),#62);
#55=STYLED_ITEM('',(#2716),#63);
#56=STYLED_ITEM('',(#2718),#2600);
#57=STYLED_ITEM('',(#2718),#2601);
#58=STYLED_ITEM('',(#2717),#64);
#59=STYLED_ITEM('',(#2719),#65);
#60=STYLED_ITEM('',(#2720),#66);
#61=MANIFOLD_SOLID_BREP('Solid2',#2638);
#62=MANIFOLD_SOLID_BREP('Solid2',#2639);
#63=MANIFOLD_SOLID_BREP('Solid2',#2640);
#64=MANIFOLD_SOLID_BREP('Solid2',#2641);
#65=MANIFOLD_SOLID_BREP('Solid2',#2642);
#66=MANIFOLD_SOLID_BREP('Solid1',#2643);
#67=CONICAL_SURFACE('',#2879,0.0445,1.02974425867665);
#68=CONICAL_SURFACE('',#2882,0.0445,1.02974425867665);
#69=CONICAL_SURFACE('',#2885,0.0444999999999999,1.02974425867665);
#70=CONICAL_SURFACE('',#2888,0.0444999999999999,1.02974425867665);
#71=CONICAL_SURFACE('',#2891,0.0445,1.02974425867665);
#72=CONICAL_SURFACE('',#2894,0.0445,1.02974425867665);
#73=CONICAL_SURFACE('',#2897,0.0444999999999999,1.02974425867665);
#74=CONICAL_SURFACE('',#2900,0.0444999999999999,1.02974425867665);
#75=CONICAL_SURFACE('',#2903,0.0445,1.02974425867665);
#76=CONICAL_SURFACE('',#2906,0.0444999999999999,1.02974425867665);
#77=CONICAL_SURFACE('',#2909,0.0445,1.02974425867665);
#78=CONICAL_SURFACE('',#2912,0.0444999999999999,1.02974425867665);
#79=CONICAL_SURFACE('',#2927,0.0444999999999999,1.02974425867665);
#80=CONICAL_SURFACE('',#2930,0.0445,1.02974425867665);
#81=CONICAL_SURFACE('',#2933,0.0444999999999999,1.02974425867665);
#82=CONICAL_SURFACE('',#2936,0.0445,1.02974425867665);
#83=CONICAL_SURFACE('',#2939,0.0445,1.02974425867665);
#84=CONICAL_SURFACE('',#2942,0.0445,1.02974425867665);
#85=CONICAL_SURFACE('',#2945,0.0445,1.02974425867665);
#86=CONICAL_SURFACE('',#2948,0.0445,1.02974425867665);
#87=CONICAL_SURFACE('',#2951,0.0444999999999995,1.02974425867665);
#88=CONICAL_SURFACE('',#2954,0.0444999999999995,1.02974425867665);
#89=CONICAL_SURFACE('',#2957,0.0444999999999995,1.02974425867665);
#90=CONICAL_SURFACE('',#2960,0.0444999999999995,1.02974425867665);
#91=CONICAL_SURFACE('',#2963,0.0349999999999999,1.02974425867665);
#92=CONICAL_SURFACE('',#2966,0.0349999999999999,1.02974425867665);
#93=CONICAL_SURFACE('',#2969,0.035,1.02974425867665);
#94=CONICAL_SURFACE('',#2972,0.035,1.02974425867665);
#95=CONICAL_SURFACE('',#2975,0.0349999999999999,1.02974425867665);
#96=CONICAL_SURFACE('',#2978,0.0349999999999999,1.02974425867665);
#97=CONICAL_SURFACE('',#2981,0.035,1.02974425867665);
#98=CONICAL_SURFACE('',#2984,0.035,1.02974425867665);
#99=ELLIPSE('',#2874,0.848528137423857,0.6);
#100=ELLIPSE('',#2877,0.848528137423857,0.6);
#101=CYLINDRICAL_SURFACE('',#2870,0.6);
#102=CYLINDRICAL_SURFACE('',#2881,0.0445);
#103=CYLINDRICAL_SURFACE('',#2884,0.0445);
#104=CYLINDRICAL_SURFACE('',#2887,0.0444999999999999);
#105=CYLINDRICAL_SURFACE('',#2890,0.0444999999999999);
#106=CYLINDRICAL_SURFACE('',#2893,0.0445);
#107=CYLINDRICAL_SURFACE('',#2896,0.0445);
#108=CYLINDRICAL_SURFACE('',#2899,0.0444999999999999);
#109=CYLINDRICAL_SURFACE('',#2902,0.0444999999999999);
#110=CYLINDRICAL_SURFACE('',#2905,0.0445);
#111=CYLINDRICAL_SURFACE('',#2908,0.0445);
#112=CYLINDRICAL_SURFACE('',#2911,0.0445);
#113=CYLINDRICAL_SURFACE('',#2914,0.0445);
#114=CYLINDRICAL_SURFACE('',#2915,0.6);
#115=CYLINDRICAL_SURFACE('',#2929,0.0444999999999997);
#116=CYLINDRICAL_SURFACE('',#2932,0.0444999999999998);
#117=CYLINDRICAL_SURFACE('',#2935,0.0444999999999997);
#118=CYLINDRICAL_SURFACE('',#2938,0.0444999999999998);
#119=CYLINDRICAL_SURFACE('',#2941,0.0444999999999998);
#120=CYLINDRICAL_SURFACE('',#2944,0.0444999999999998);
#121=CYLINDRICAL_SURFACE('',#2947,0.0444999999999998);
#122=CYLINDRICAL_SURFACE('',#2950,0.0444999999999998);
#123=CYLINDRICAL_SURFACE('',#2953,0.0444999999999995);
#124=CYLINDRICAL_SURFACE('',#2956,0.0444999999999995);
#125=CYLINDRICAL_SURFACE('',#2959,0.0444999999999995);
#126=CYLINDRICAL_SURFACE('',#2962,0.0444999999999995);
#127=CYLINDRICAL_SURFACE('',#2965,0.0349999999999997);
#128=CYLINDRICAL_SURFACE('',#2968,0.0349999999999997);
#129=CYLINDRICAL_SURFACE('',#2971,0.0349999999999998);
#130=CYLINDRICAL_SURFACE('',#2974,0.0349999999999998);
#131=CYLINDRICAL_SURFACE('',#2977,0.0349999999999997);
#132=CYLINDRICAL_SURFACE('',#2980,0.0349999999999997);
#133=CYLINDRICAL_SURFACE('',#2983,0.0349999999999998);
#134=CYLINDRICAL_SURFACE('',#2986,0.0349999999999998);
#135=CYLINDRICAL_SURFACE('',#3006,0.0642499999999999);
#136=CYLINDRICAL_SURFACE('',#3007,0.0642499999999999);
#137=CYLINDRICAL_SURFACE('',#3008,0.06425);
#138=CYLINDRICAL_SURFACE('',#3009,0.06425);
#139=CYLINDRICAL_SURFACE('',#3011,0.0625);
#140=CYLINDRICAL_SURFACE('',#3031,0.6);
#141=CYLINDRICAL_SURFACE('',#3032,0.0642499999999997);
#142=CYLINDRICAL_SURFACE('',#3033,0.0642499999999997);
#143=CYLINDRICAL_SURFACE('',#3034,0.0642499999999997);
#144=CYLINDRICAL_SURFACE('',#3035,0.0642499999999997);
#145=CYLINDRICAL_SURFACE('',#3058,0.058);
#146=CYLINDRICAL_SURFACE('',#3059,0.058);
#147=CYLINDRICAL_SURFACE('',#3060,0.058);
#148=CYLINDRICAL_SURFACE('',#3061,0.058);
#149=CYLINDRICAL_SURFACE('',#3073,0.0642499999999997);
#150=CYLINDRICAL_SURFACE('',#3076,0.0642499999999997);
#151=CYLINDRICAL_SURFACE('',#3079,0.0642499999999997);
#152=CYLINDRICAL_SURFACE('',#3082,0.0642499999999997);
#153=CYLINDRICAL_SURFACE('',#3085,0.05);
#154=CYLINDRICAL_SURFACE('',#3100,0.4);
#155=CYLINDRICAL_SURFACE('',#3101,0.03125);
#156=CYLINDRICAL_SURFACE('',#3104,0.1);
#157=CYLINDRICAL_SURFACE('',#3107,0.1);
#158=CYLINDRICAL_SURFACE('',#3110,0.1);
#159=CYLINDRICAL_SURFACE('',#3113,0.1);
#160=CYLINDRICAL_SURFACE('',#3114,0.0444999999999999);
#161=CYLINDRICAL_SURFACE('',#3115,0.0445);
#162=CYLINDRICAL_SURFACE('',#3116,0.0444999999999999);
#163=CYLINDRICAL_SURFACE('',#3117,0.0445);
#164=FACE_BOUND('',#538,.T.);
#165=FACE_BOUND('',#539,.T.);
#166=FACE_BOUND('',#540,.T.);
#167=FACE_BOUND('',#541,.T.);
#168=FACE_BOUND('',#542,.T.);
#169=FACE_BOUND('',#543,.T.);
#170=FACE_BOUND('',#544,.T.);
#171=FACE_BOUND('',#545,.T.);
#172=FACE_BOUND('',#546,.T.);
#173=FACE_BOUND('',#548,.T.);
#174=FACE_BOUND('',#549,.T.);
#175=FACE_BOUND('',#550,.T.);
#176=FACE_BOUND('',#551,.T.);
#177=FACE_BOUND('',#553,.T.);
#178=FACE_BOUND('',#554,.T.);
#179=FACE_BOUND('',#555,.T.);
#180=FACE_BOUND('',#556,.T.);
#181=FACE_BOUND('',#557,.T.);
#182=FACE_BOUND('',#558,.T.);
#183=FACE_BOUND('',#559,.T.);
#184=FACE_BOUND('',#560,.T.);
#185=FACE_BOUND('',#561,.T.);
#186=FACE_BOUND('',#563,.T.);
#187=FACE_BOUND('',#564,.T.);
#188=FACE_BOUND('',#565,.T.);
#189=FACE_BOUND('',#566,.T.);
#190=FACE_BOUND('',#567,.T.);
#191=FACE_BOUND('',#569,.T.);
#192=FACE_BOUND('',#570,.T.);
#193=FACE_BOUND('',#571,.T.);
#194=FACE_BOUND('',#572,.T.);
#195=FACE_BOUND('',#573,.T.);
#196=FACE_BOUND('',#575,.T.);
#197=FACE_BOUND('',#576,.T.);
#198=FACE_BOUND('',#577,.T.);
#199=FACE_BOUND('',#578,.T.);
#200=FACE_BOUND('',#579,.T.);
#201=FACE_BOUND('',#659,.T.);
#202=FACE_BOUND('',#660,.T.);
#203=FACE_BOUND('',#661,.T.);
#204=FACE_BOUND('',#662,.T.);
#205=FACE_BOUND('',#663,.T.);
#206=FACE_BOUND('',#665,.T.);
#207=FACE_BOUND('',#666,.T.);
#208=FACE_BOUND('',#667,.T.);
#209=FACE_BOUND('',#668,.T.);
#210=FACE_BOUND('',#669,.T.);
#211=FACE_BOUND('',#684,.T.);
#212=FACE_BOUND('',#685,.T.);
#213=FACE_BOUND('',#686,.T.);
#214=FACE_BOUND('',#687,.T.);
#215=FACE_BOUND('',#688,.T.);
#216=FACE_BOUND('',#690,.T.);
#217=FACE_BOUND('',#691,.T.);
#218=FACE_BOUND('',#692,.T.);
#219=FACE_BOUND('',#693,.T.);
#220=FACE_BOUND('',#694,.T.);
#221=FACE_BOUND('',#696,.T.);
#222=FACE_BOUND('',#713,.T.);
#223=FACE_BOUND('',#714,.T.);
#224=FACE_BOUND('',#715,.T.);
#225=FACE_BOUND('',#716,.T.);
#226=FACE_BOUND('',#718,.T.);
#227=FACE_BOUND('',#719,.T.);
#228=FACE_BOUND('',#720,.T.);
#229=FACE_BOUND('',#721,.T.);
#230=FACE_BOUND('',#727,.T.);
#231=FACE_BOUND('',#728,.T.);
#232=FACE_BOUND('',#729,.T.);
#233=FACE_BOUND('',#730,.T.);
#234=FACE_BOUND('',#731,.T.);
#235=FACE_BOUND('',#732,.T.);
#236=FACE_BOUND('',#733,.T.);
#237=FACE_BOUND('',#734,.T.);
#238=FACE_BOUND('',#735,.T.);
#239=FACE_BOUND('',#742,.T.);
#240=FACE_BOUND('',#747,.T.);
#241=FACE_BOUND('',#748,.T.);
#242=FACE_BOUND('',#749,.T.);
#243=FACE_BOUND('',#750,.T.);
#244=FACE_BOUND('',#751,.T.);
#245=FACE_BOUND('',#752,.T.);
#246=FACE_BOUND('',#753,.T.);
#247=FACE_BOUND('',#754,.T.);
#248=FACE_BOUND('',#755,.T.);
#249=FACE_BOUND('',#757,.T.);
#250=FACE_BOUND('',#759,.T.);
#251=FACE_BOUND('',#762,.T.);
#252=FACE_BOUND('',#765,.T.);
#253=FACE_BOUND('',#768,.T.);
#254=FACE_BOUND('',#771,.T.);
#255=CIRCLE('',#2830,0.0349999999999996);
#256=CIRCLE('',#2831,0.0349999999999996);
#257=CIRCLE('',#2832,0.0349999999999995);
#258=CIRCLE('',#2833,0.0349999999999995);
#259=CIRCLE('',#2834,0.0444999999999995);
#260=CIRCLE('',#2835,0.0444999999999995);
#261=CIRCLE('',#2836,0.0444999999999995);
#262=CIRCLE('',#2837,0.0444999999999995);
#263=CIRCLE('',#2839,0.0445);
#264=CIRCLE('',#2840,0.0445);
#265=CIRCLE('',#2841,0.0445);
#266=CIRCLE('',#2842,0.0445);
#267=CIRCLE('',#2844,0.0349999999999996);
#268=CIRCLE('',#2845,0.0349999999999996);
#269=CIRCLE('',#2846,0.0349999999999995);
#270=CIRCLE('',#2847,0.0349999999999995);
#271=CIRCLE('',#2848,0.0444999999999995);
#272=CIRCLE('',#2849,0.0444999999999995);
#273=CIRCLE('',#2850,0.0444999999999995);
#274=CIRCLE('',#2851,0.0444999999999995);
#275=CIRCLE('',#2853,0.0444999999999995);
#276=CIRCLE('',#2854,0.0444999999999995);
#277=CIRCLE('',#2855,0.0444999999999995);
#278=CIRCLE('',#2856,0.0444999999999995);
#279=CIRCLE('',#2857,0.6);
#280=CIRCLE('',#2859,0.0445);
#281=CIRCLE('',#2860,0.0445);
#282=CIRCLE('',#2861,0.0445);
#283=CIRCLE('',#2862,0.0445);
#284=CIRCLE('',#2863,0.6);
#285=CIRCLE('',#2865,0.0445);
#286=CIRCLE('',#2866,0.0445);
#287=CIRCLE('',#2867,0.0445);
#288=CIRCLE('',#2868,0.0445);
#289=CIRCLE('',#2869,0.6);
#290=CIRCLE('',#2871,0.6);
#291=CIRCLE('',#2872,0.6);
#292=CIRCLE('',#2873,0.6);
#293=CIRCLE('',#2875,0.6);
#294=CIRCLE('',#2876,0.6);
#295=CIRCLE('',#2878,0.6);
#296=CIRCLE('',#2880,0.0445);
#297=CIRCLE('',#2883,0.0445);
#298=CIRCLE('',#2886,0.0444999999999999);
#299=CIRCLE('',#2889,0.0444999999999999);
#300=CIRCLE('',#2892,0.0445);
#301=CIRCLE('',#2895,0.0445);
#302=CIRCLE('',#2898,0.0444999999999999);
#303=CIRCLE('',#2901,0.0444999999999999);
#304=CIRCLE('',#2904,0.0445);
#305=CIRCLE('',#2907,0.0444999999999999);
#306=CIRCLE('',#2910,0.0445);
#307=CIRCLE('',#2913,0.0444999999999999);
#308=CIRCLE('',#2916,0.6);
#309=CIRCLE('',#2917,0.6);
#310=CIRCLE('',#2918,0.6);
#311=CIRCLE('',#2928,0.0444999999999999);
#312=CIRCLE('',#2931,0.0445);
#313=CIRCLE('',#2934,0.0444999999999999);
#314=CIRCLE('',#2937,0.0445);
#315=CIRCLE('',#2940,0.0445);
#316=CIRCLE('',#2943,0.0445);
#317=CIRCLE('',#2946,0.0445);
#318=CIRCLE('',#2949,0.0445);
#319=CIRCLE('',#2952,0.0444999999999995);
#320=CIRCLE('',#2955,0.0444999999999995);
#321=CIRCLE('',#2958,0.0444999999999995);
#322=CIRCLE('',#2961,0.0444999999999995);
#323=CIRCLE('',#2964,0.0349999999999999);
#324=CIRCLE('',#2967,0.0349999999999999);
#325=CIRCLE('',#2970,0.035);
#326=CIRCLE('',#2973,0.035);
#327=CIRCLE('',#2976,0.0349999999999999);
#328=CIRCLE('',#2979,0.0349999999999999);
#329=CIRCLE('',#2982,0.035);
#330=CIRCLE('',#2985,0.035);
#331=CIRCLE('',#2993,0.06425);
#332=CIRCLE('',#2994,0.06425);
#333=CIRCLE('',#2995,0.0642499999999999);
#334=CIRCLE('',#2996,0.0642499999999999);
#335=CIRCLE('',#2998,0.06425);
#336=CIRCLE('',#2999,0.06425);
#337=CIRCLE('',#3000,0.0642499999999999);
#338=CIRCLE('',#3001,0.0642499999999999);
#339=CIRCLE('',#3012,0.0625);
#340=CIRCLE('',#3013,0.0625);
#341=CIRCLE('',#3019,0.0642499999999995);
#342=CIRCLE('',#3020,0.0642499999999995);
#343=CIRCLE('',#3021,0.0642499999999995);
#344=CIRCLE('',#3022,0.0642499999999995);
#345=CIRCLE('',#3023,0.6);
#346=CIRCLE('',#3025,0.0642499999999998);
#347=CIRCLE('',#3026,0.0642499999999998);
#348=CIRCLE('',#3027,0.0642499999999998);
#349=CIRCLE('',#3028,0.0642499999999998);
#350=CIRCLE('',#3030,0.6);
#351=CIRCLE('',#3049,0.058);
#352=CIRCLE('',#3050,0.058);
#353=CIRCLE('',#3051,0.058);
#354=CIRCLE('',#3052,0.058);
#355=CIRCLE('',#3054,0.058);
#356=CIRCLE('',#3055,0.058);
#357=CIRCLE('',#3056,0.058);
#358=CIRCLE('',#3057,0.058);
#359=CIRCLE('',#3064,0.4);
#360=CIRCLE('',#3065,0.1);
#361=CIRCLE('',#3066,0.1);
#362=CIRCLE('',#3067,0.1);
#363=CIRCLE('',#3068,0.1);
#364=CIRCLE('',#3069,0.0445);
#365=CIRCLE('',#3070,0.0445);
#366=CIRCLE('',#3071,0.0445);
#367=CIRCLE('',#3072,0.0445);
#368=CIRCLE('',#3074,0.0642499999999998);
#369=CIRCLE('',#3075,0.0642499999999997);
#370=CIRCLE('',#3077,0.0642499999999998);
#371=CIRCLE('',#3078,0.0642499999999997);
#372=CIRCLE('',#3080,0.0642499999999998);
#373=CIRCLE('',#3081,0.0642499999999997);
#374=CIRCLE('',#3083,0.0642499999999998);
#375=CIRCLE('',#3084,0.0642499999999997);
#376=CIRCLE('',#3086,0.05);
#377=CIRCLE('',#3087,0.05);
#378=CIRCLE('',#3089,0.03125);
#379=CIRCLE('',#3094,0.0445);
#380=CIRCLE('',#3095,0.0444999999999999);
#381=CIRCLE('',#3096,0.0445);
#382=CIRCLE('',#3097,0.0444999999999999);
#383=CIRCLE('',#3099,0.4);
#384=CIRCLE('',#3103,0.1);
#385=CIRCLE('',#3106,0.1);
#386=CIRCLE('',#3109,0.1);
#387=CIRCLE('',#3112,0.1);
#388=FACE_OUTER_BOUND('',#537,.T.);
#389=FACE_OUTER_BOUND('',#547,.T.);
#390=FACE_OUTER_BOUND('',#552,.T.);
#391=FACE_OUTER_BOUND('',#562,.T.);
#392=FACE_OUTER_BOUND('',#568,.T.);
#393=FACE_OUTER_BOUND('',#574,.T.);
#394=FACE_OUTER_BOUND('',#580,.T.);
#395=FACE_OUTER_BOUND('',#581,.T.);
#396=FACE_OUTER_BOUND('',#582,.T.);
#397=FACE_OUTER_BOUND('',#583,.T.);
#398=FACE_OUTER_BOUND('',#584,.T.);
#399=FACE_OUTER_BOUND('',#585,.T.);
#400=FACE_OUTER_BOUND('',#586,.T.);
#401=FACE_OUTER_BOUND('',#587,.T.);
#402=FACE_OUTER_BOUND('',#588,.T.);
#403=FACE_OUTER_BOUND('',#589,.T.);
#404=FACE_OUTER_BOUND('',#590,.T.);
#405=FACE_OUTER_BOUND('',#591,.T.);
#406=FACE_OUTER_BOUND('',#592,.T.);
#407=FACE_OUTER_BOUND('',#593,.T.);
#408=FACE_OUTER_BOUND('',#594,.T.);
#409=FACE_OUTER_BOUND('',#595,.T.);
#410=FACE_OUTER_BOUND('',#596,.T.);
#411=FACE_OUTER_BOUND('',#597,.T.);
#412=FACE_OUTER_BOUND('',#598,.T.);
#413=FACE_OUTER_BOUND('',#599,.T.);
#414=FACE_OUTER_BOUND('',#600,.T.);
#415=FACE_OUTER_BOUND('',#601,.T.);
#416=FACE_OUTER_BOUND('',#602,.T.);
#417=FACE_OUTER_BOUND('',#603,.T.);
#418=FACE_OUTER_BOUND('',#604,.T.);
#419=FACE_OUTER_BOUND('',#605,.T.);
#420=FACE_OUTER_BOUND('',#606,.T.);
#421=FACE_OUTER_BOUND('',#607,.T.);
#422=FACE_OUTER_BOUND('',#608,.T.);
#423=FACE_OUTER_BOUND('',#609,.T.);
#424=FACE_OUTER_BOUND('',#610,.T.);
#425=FACE_OUTER_BOUND('',#611,.T.);
#426=FACE_OUTER_BOUND('',#612,.T.);
#427=FACE_OUTER_BOUND('',#613,.T.);
#428=FACE_OUTER_BOUND('',#614,.T.);
#429=FACE_OUTER_BOUND('',#615,.T.);
#430=FACE_OUTER_BOUND('',#616,.T.);
#431=FACE_OUTER_BOUND('',#617,.T.);
#432=FACE_OUTER_BOUND('',#618,.T.);
#433=FACE_OUTER_BOUND('',#619,.T.);
#434=FACE_OUTER_BOUND('',#620,.T.);
#435=FACE_OUTER_BOUND('',#621,.T.);
#436=FACE_OUTER_BOUND('',#622,.T.);
#437=FACE_OUTER_BOUND('',#623,.T.);
#438=FACE_OUTER_BOUND('',#624,.T.);
#439=FACE_OUTER_BOUND('',#625,.T.);
#440=FACE_OUTER_BOUND('',#626,.T.);
#441=FACE_OUTER_BOUND('',#627,.T.);
#442=FACE_OUTER_BOUND('',#628,.T.);
#443=FACE_OUTER_BOUND('',#629,.T.);
#444=FACE_OUTER_BOUND('',#630,.T.);
#445=FACE_OUTER_BOUND('',#631,.T.);
#446=FACE_OUTER_BOUND('',#632,.T.);
#447=FACE_OUTER_BOUND('',#633,.T.);
#448=FACE_OUTER_BOUND('',#634,.T.);
#449=FACE_OUTER_BOUND('',#635,.T.);
#450=FACE_OUTER_BOUND('',#636,.T.);
#451=FACE_OUTER_BOUND('',#637,.T.);
#452=FACE_OUTER_BOUND('',#638,.T.);
#453=FACE_OUTER_BOUND('',#639,.T.);
#454=FACE_OUTER_BOUND('',#640,.T.);
#455=FACE_OUTER_BOUND('',#641,.T.);
#456=FACE_OUTER_BOUND('',#642,.T.);
#457=FACE_OUTER_BOUND('',#643,.T.);
#458=FACE_OUTER_BOUND('',#644,.T.);
#459=FACE_OUTER_BOUND('',#645,.T.);
#460=FACE_OUTER_BOUND('',#646,.T.);
#461=FACE_OUTER_BOUND('',#647,.T.);
#462=FACE_OUTER_BOUND('',#648,.T.);
#463=FACE_OUTER_BOUND('',#649,.T.);
#464=FACE_OUTER_BOUND('',#650,.T.);
#465=FACE_OUTER_BOUND('',#651,.T.);
#466=FACE_OUTER_BOUND('',#652,.T.);
#467=FACE_OUTER_BOUND('',#653,.T.);
#468=FACE_OUTER_BOUND('',#654,.T.);
#469=FACE_OUTER_BOUND('',#655,.T.);
#470=FACE_OUTER_BOUND('',#656,.T.);
#471=FACE_OUTER_BOUND('',#657,.T.);
#472=FACE_OUTER_BOUND('',#658,.T.);
#473=FACE_OUTER_BOUND('',#664,.T.);
#474=FACE_OUTER_BOUND('',#670,.T.);
#475=FACE_OUTER_BOUND('',#671,.T.);
#476=FACE_OUTER_BOUND('',#672,.T.);
#477=FACE_OUTER_BOUND('',#673,.T.);
#478=FACE_OUTER_BOUND('',#674,.T.);
#479=FACE_OUTER_BOUND('',#675,.T.);
#480=FACE_OUTER_BOUND('',#676,.T.);
#481=FACE_OUTER_BOUND('',#677,.T.);
#482=FACE_OUTER_BOUND('',#678,.T.);
#483=FACE_OUTER_BOUND('',#679,.T.);
#484=FACE_OUTER_BOUND('',#680,.T.);
#485=FACE_OUTER_BOUND('',#681,.T.);
#486=FACE_OUTER_BOUND('',#682,.T.);
#487=FACE_OUTER_BOUND('',#683,.T.);
#488=FACE_OUTER_BOUND('',#689,.T.);
#489=FACE_OUTER_BOUND('',#695,.T.);
#490=FACE_OUTER_BOUND('',#697,.T.);
#491=FACE_OUTER_BOUND('',#698,.T.);
#492=FACE_OUTER_BOUND('',#699,.T.);
#493=FACE_OUTER_BOUND('',#700,.T.);
#494=FACE_OUTER_BOUND('',#701,.T.);
#495=FACE_OUTER_BOUND('',#702,.T.);
#496=FACE_OUTER_BOUND('',#703,.T.);
#497=FACE_OUTER_BOUND('',#704,.T.);
#498=FACE_OUTER_BOUND('',#705,.T.);
#499=FACE_OUTER_BOUND('',#706,.T.);
#500=FACE_OUTER_BOUND('',#707,.T.);
#501=FACE_OUTER_BOUND('',#708,.T.);
#502=FACE_OUTER_BOUND('',#709,.T.);
#503=FACE_OUTER_BOUND('',#710,.T.);
#504=FACE_OUTER_BOUND('',#711,.T.);
#505=FACE_OUTER_BOUND('',#712,.T.);
#506=FACE_OUTER_BOUND('',#717,.T.);
#507=FACE_OUTER_BOUND('',#722,.T.);
#508=FACE_OUTER_BOUND('',#723,.T.);
#509=FACE_OUTER_BOUND('',#724,.T.);
#510=FACE_OUTER_BOUND('',#725,.T.);
#511=FACE_OUTER_BOUND('',#726,.T.);
#512=FACE_OUTER_BOUND('',#736,.T.);
#513=FACE_OUTER_BOUND('',#737,.T.);
#514=FACE_OUTER_BOUND('',#738,.T.);
#515=FACE_OUTER_BOUND('',#739,.T.);
#516=FACE_OUTER_BOUND('',#740,.T.);
#517=FACE_OUTER_BOUND('',#741,.T.);
#518=FACE_OUTER_BOUND('',#743,.T.);
#519=FACE_OUTER_BOUND('',#744,.T.);
#520=FACE_OUTER_BOUND('',#745,.T.);
#521=FACE_OUTER_BOUND('',#746,.T.);
#522=FACE_OUTER_BOUND('',#756,.T.);
#523=FACE_OUTER_BOUND('',#758,.T.);
#524=FACE_OUTER_BOUND('',#760,.T.);
#525=FACE_OUTER_BOUND('',#761,.T.);
#526=FACE_OUTER_BOUND('',#763,.T.);
#527=FACE_OUTER_BOUND('',#764,.T.);
#528=FACE_OUTER_BOUND('',#766,.T.);
#529=FACE_OUTER_BOUND('',#767,.T.);
#530=FACE_OUTER_BOUND('',#769,.T.);
#531=FACE_OUTER_BOUND('',#770,.T.);
#532=FACE_OUTER_BOUND('',#772,.T.);
#533=FACE_OUTER_BOUND('',#773,.T.);
#534=FACE_OUTER_BOUND('',#774,.T.);
#535=FACE_OUTER_BOUND('',#775,.T.);
#536=FACE_OUTER_BOUND('',#776,.T.);
#537=EDGE_LOOP('',(#1757,#1758,#1759,#1760));
#538=EDGE_LOOP('',(#1761));
#539=EDGE_LOOP('',(#1762));
#540=EDGE_LOOP('',(#1763));
#541=EDGE_LOOP('',(#1764));
#542=EDGE_LOOP('',(#1765));
#543=EDGE_LOOP('',(#1766));
#544=EDGE_LOOP('',(#1767));
#545=EDGE_LOOP('',(#1768));
#546=EDGE_LOOP('',(#1769,#1770,#1771,#1772));
#547=EDGE_LOOP('',(#1773,#1774,#1775,#1776));
#548=EDGE_LOOP('',(#1777));
#549=EDGE_LOOP('',(#1778));
#550=EDGE_LOOP('',(#1779));
#551=EDGE_LOOP('',(#1780));
#552=EDGE_LOOP('',(#1781,#1782,#1783,#1784));
#553=EDGE_LOOP('',(#1785));
#554=EDGE_LOOP('',(#1786));
#555=EDGE_LOOP('',(#1787));
#556=EDGE_LOOP('',(#1788));
#557=EDGE_LOOP('',(#1789));
#558=EDGE_LOOP('',(#1790));
#559=EDGE_LOOP('',(#1791));
#560=EDGE_LOOP('',(#1792));
#561=EDGE_LOOP('',(#1793,#1794,#1795,#1796));
#562=EDGE_LOOP('',(#1797,#1798,#1799,#1800));
#563=EDGE_LOOP('',(#1801));
#564=EDGE_LOOP('',(#1802));
#565=EDGE_LOOP('',(#1803));
#566=EDGE_LOOP('',(#1804));
#567=EDGE_LOOP('',(#1805));
#568=EDGE_LOOP('',(#1806,#1807,#1808,#1809));
#569=EDGE_LOOP('',(#1810));
#570=EDGE_LOOP('',(#1811));
#571=EDGE_LOOP('',(#1812));
#572=EDGE_LOOP('',(#1813));
#573=EDGE_LOOP('',(#1814));
#574=EDGE_LOOP('',(#1815,#1816,#1817,#1818));
#575=EDGE_LOOP('',(#1819));
#576=EDGE_LOOP('',(#1820));
#577=EDGE_LOOP('',(#1821));
#578=EDGE_LOOP('',(#1822));
#579=EDGE_LOOP('',(#1823));
#580=EDGE_LOOP('',(#1824,#1825,#1826,#1827,#1828,#1829,#1830,#1831,#1832,
#1833,#1834,#1835,#1836,#1837,#1838,#1839,#1840,#1841,#1842,#1843));
#581=EDGE_LOOP('',(#1844,#1845,#1846));
#582=EDGE_LOOP('',(#1847,#1848,#1849,#1850));
#583=EDGE_LOOP('',(#1851,#1852,#1853));
#584=EDGE_LOOP('',(#1854,#1855,#1856,#1857));
#585=EDGE_LOOP('',(#1858,#1859,#1860));
#586=EDGE_LOOP('',(#1861,#1862,#1863,#1864));
#587=EDGE_LOOP('',(#1865,#1866,#1867));
#588=EDGE_LOOP('',(#1868,#1869,#1870,#1871));
#589=EDGE_LOOP('',(#1872,#1873,#1874));
#590=EDGE_LOOP('',(#1875,#1876,#1877,#1878));
#591=EDGE_LOOP('',(#1879,#1880,#1881));
#592=EDGE_LOOP('',(#1882,#1883,#1884,#1885));
#593=EDGE_LOOP('',(#1886,#1887,#1888));
#594=EDGE_LOOP('',(#1889,#1890,#1891,#1892));
#595=EDGE_LOOP('',(#1893,#1894,#1895));
#596=EDGE_LOOP('',(#1896,#1897,#1898,#1899));
#597=EDGE_LOOP('',(#1900,#1901,#1902));
#598=EDGE_LOOP('',(#1903,#1904,#1905,#1906));
#599=EDGE_LOOP('',(#1907,#1908,#1909));
#600=EDGE_LOOP('',(#1910,#1911,#1912,#1913));
#601=EDGE_LOOP('',(#1914,#1915,#1916));
#602=EDGE_LOOP('',(#1917,#1918,#1919,#1920));
#603=EDGE_LOOP('',(#1921,#1922,#1923));
#604=EDGE_LOOP('',(#1924,#1925,#1926,#1927));
#605=EDGE_LOOP('',(#1928,#1929,#1930,#1931,#1932,#1933,#1934,#1935));
#606=EDGE_LOOP('',(#1936,#1937,#1938,#1939,#1940,#1941));
#607=EDGE_LOOP('',(#1942,#1943,#1944,#1945,#1946));
#608=EDGE_LOOP('',(#1947,#1948,#1949,#1950));
#609=EDGE_LOOP('',(#1951,#1952,#1953,#1954,#1955));
#610=EDGE_LOOP('',(#1956,#1957,#1958,#1959));
#611=EDGE_LOOP('',(#1960,#1961,#1962,#1963));
#612=EDGE_LOOP('',(#1964,#1965,#1966,#1967));
#613=EDGE_LOOP('',(#1968,#1969,#1970,#1971,#1972,#1973,#1974));
#614=EDGE_LOOP('',(#1975,#1976,#1977));
#615=EDGE_LOOP('',(#1978,#1979,#1980,#1981));
#616=EDGE_LOOP('',(#1982,#1983,#1984));
#617=EDGE_LOOP('',(#1985,#1986,#1987,#1988));
#618=EDGE_LOOP('',(#1989,#1990,#1991));
#619=EDGE_LOOP('',(#1992,#1993,#1994,#1995));
#620=EDGE_LOOP('',(#1996,#1997,#1998));
#621=EDGE_LOOP('',(#1999,#2000,#2001,#2002));
#622=EDGE_LOOP('',(#2003,#2004,#2005));
#623=EDGE_LOOP('',(#2006,#2007,#2008,#2009));
#624=EDGE_LOOP('',(#2010,#2011,#2012));
#625=EDGE_LOOP('',(#2013,#2014,#2015,#2016));
#626=EDGE_LOOP('',(#2017,#2018,#2019));
#627=EDGE_LOOP('',(#2020,#2021,#2022,#2023));
#628=EDGE_LOOP('',(#2024,#2025,#2026));
#629=EDGE_LOOP('',(#2027,#2028,#2029,#2030));
#630=EDGE_LOOP('',(#2031,#2032,#2033));
#631=EDGE_LOOP('',(#2034,#2035,#2036,#2037));
#632=EDGE_LOOP('',(#2038,#2039,#2040));
#633=EDGE_LOOP('',(#2041,#2042,#2043,#2044));
#634=EDGE_LOOP('',(#2045,#2046,#2047));
#635=EDGE_LOOP('',(#2048,#2049,#2050,#2051));
#636=EDGE_LOOP('',(#2052,#2053,#2054));
#637=EDGE_LOOP('',(#2055,#2056,#2057,#2058));
#638=EDGE_LOOP('',(#2059,#2060,#2061));
#639=EDGE_LOOP('',(#2062,#2063,#2064,#2065));
#640=EDGE_LOOP('',(#2066,#2067,#2068));
#641=EDGE_LOOP('',(#2069,#2070,#2071,#2072));
#642=EDGE_LOOP('',(#2073,#2074,#2075));
#643=EDGE_LOOP('',(#2076,#2077,#2078,#2079));
#644=EDGE_LOOP('',(#2080,#2081,#2082));
#645=EDGE_LOOP('',(#2083,#2084,#2085,#2086));
#646=EDGE_LOOP('',(#2087,#2088,#2089));
#647=EDGE_LOOP('',(#2090,#2091,#2092,#2093));
#648=EDGE_LOOP('',(#2094,#2095,#2096));
#649=EDGE_LOOP('',(#2097,#2098,#2099,#2100));
#650=EDGE_LOOP('',(#2101,#2102,#2103));
#651=EDGE_LOOP('',(#2104,#2105,#2106,#2107));
#652=EDGE_LOOP('',(#2108,#2109,#2110));
#653=EDGE_LOOP('',(#2111,#2112,#2113,#2114));
#654=EDGE_LOOP('',(#2115,#2116,#2117,#2118));
#655=EDGE_LOOP('',(#2119,#2120,#2121,#2122));
#656=EDGE_LOOP('',(#2123,#2124,#2125,#2126));
#657=EDGE_LOOP('',(#2127,#2128,#2129,#2130));
#658=EDGE_LOOP('',(#2131,#2132,#2133,#2134));
#659=EDGE_LOOP('',(#2135));
#660=EDGE_LOOP('',(#2136));
#661=EDGE_LOOP('',(#2137));
#662=EDGE_LOOP('',(#2138));
#663=EDGE_LOOP('',(#2139,#2140,#2141,#2142));
#664=EDGE_LOOP('',(#2143,#2144,#2145,#2146));
#665=EDGE_LOOP('',(#2147));
#666=EDGE_LOOP('',(#2148));
#667=EDGE_LOOP('',(#2149));
#668=EDGE_LOOP('',(#2150));
#669=EDGE_LOOP('',(#2151,#2152,#2153,#2154));
#670=EDGE_LOOP('',(#2155,#2156,#2157,#2158));
#671=EDGE_LOOP('',(#2159,#2160,#2161,#2162));
#672=EDGE_LOOP('',(#2163,#2164,#2165,#2166));
#673=EDGE_LOOP('',(#2167,#2168,#2169,#2170));
#674=EDGE_LOOP('',(#2171,#2172,#2173,#2174));
#675=EDGE_LOOP('',(#2175,#2176,#2177,#2178));
#676=EDGE_LOOP('',(#2179,#2180,#2181,#2182));
#677=EDGE_LOOP('',(#2183,#2184,#2185,#2186));
#678=EDGE_LOOP('',(#2187,#2188,#2189,#2190));
#679=EDGE_LOOP('',(#2191,#2192,#2193,#2194));
#680=EDGE_LOOP('',(#2195,#2196,#2197,#2198));
#681=EDGE_LOOP('',(#2199,#2200,#2201,#2202));
#682=EDGE_LOOP('',(#2203,#2204,#2205,#2206));
#683=EDGE_LOOP('',(#2207,#2208,#2209,#2210));
#684=EDGE_LOOP('',(#2211));
#685=EDGE_LOOP('',(#2212));
#686=EDGE_LOOP('',(#2213));
#687=EDGE_LOOP('',(#2214));
#688=EDGE_LOOP('',(#2215));
#689=EDGE_LOOP('',(#2216,#2217,#2218,#2219));
#690=EDGE_LOOP('',(#2220));
#691=EDGE_LOOP('',(#2221));
#692=EDGE_LOOP('',(#2222));
#693=EDGE_LOOP('',(#2223));
#694=EDGE_LOOP('',(#2224));
#695=EDGE_LOOP('',(#2225));
#696=EDGE_LOOP('',(#2226));
#697=EDGE_LOOP('',(#2227,#2228,#2229,#2230));
#698=EDGE_LOOP('',(#2231,#2232,#2233,#2234));
#699=EDGE_LOOP('',(#2235,#2236,#2237,#2238));
#700=EDGE_LOOP('',(#2239,#2240,#2241,#2242));
#701=EDGE_LOOP('',(#2243,#2244,#2245,#2246));
#702=EDGE_LOOP('',(#2247,#2248,#2249,#2250));
#703=EDGE_LOOP('',(#2251,#2252,#2253,#2254));
#704=EDGE_LOOP('',(#2255,#2256,#2257,#2258));
#705=EDGE_LOOP('',(#2259,#2260,#2261,#2262));
#706=EDGE_LOOP('',(#2263,#2264,#2265,#2266));
#707=EDGE_LOOP('',(#2267,#2268,#2269,#2270));
#708=EDGE_LOOP('',(#2271,#2272,#2273,#2274));
#709=EDGE_LOOP('',(#2275,#2276,#2277,#2278));
#710=EDGE_LOOP('',(#2279,#2280,#2281,#2282));
#711=EDGE_LOOP('',(#2283,#2284,#2285,#2286));
#712=EDGE_LOOP('',(#2287,#2288,#2289,#2290));
#713=EDGE_LOOP('',(#2291));
#714=EDGE_LOOP('',(#2292));
#715=EDGE_LOOP('',(#2293));
#716=EDGE_LOOP('',(#2294));
#717=EDGE_LOOP('',(#2295,#2296,#2297,#2298));
#718=EDGE_LOOP('',(#2299));
#719=EDGE_LOOP('',(#2300));
#720=EDGE_LOOP('',(#2301));
#721=EDGE_LOOP('',(#2302));
#722=EDGE_LOOP('',(#2303,#2304,#2305,#2306));
#723=EDGE_LOOP('',(#2307,#2308,#2309,#2310));
#724=EDGE_LOOP('',(#2311,#2312,#2313,#2314));
#725=EDGE_LOOP('',(#2315,#2316,#2317,#2318));
#726=EDGE_LOOP('',(#2319,#2320,#2321,#2322));
#727=EDGE_LOOP('',(#2323));
#728=EDGE_LOOP('',(#2324));
#729=EDGE_LOOP('',(#2325));
#730=EDGE_LOOP('',(#2326));
#731=EDGE_LOOP('',(#2327));
#732=EDGE_LOOP('',(#2328));
#733=EDGE_LOOP('',(#2329));
#734=EDGE_LOOP('',(#2330));
#735=EDGE_LOOP('',(#2331));
#736=EDGE_LOOP('',(#2332,#2333,#2334,#2335));
#737=EDGE_LOOP('',(#2336,#2337,#2338,#2339));
#738=EDGE_LOOP('',(#2340,#2341,#2342,#2343));
#739=EDGE_LOOP('',(#2344,#2345,#2346,#2347));
#740=EDGE_LOOP('',(#2348,#2349,#2350,#2351));
#741=EDGE_LOOP('',(#2352,#2353,#2354,#2355));
#742=EDGE_LOOP('',(#2356));
#743=EDGE_LOOP('',(#2357,#2358,#2359,#2360));
#744=EDGE_LOOP('',(#2361,#2362,#2363,#2364));
#745=EDGE_LOOP('',(#2365,#2366,#2367,#2368));
#746=EDGE_LOOP('',(#2369,#2370,#2371,#2372));
#747=EDGE_LOOP('',(#2373));
#748=EDGE_LOOP('',(#2374));
#749=EDGE_LOOP('',(#2375));
#750=EDGE_LOOP('',(#2376));
#751=EDGE_LOOP('',(#2377));
#752=EDGE_LOOP('',(#2378));
#753=EDGE_LOOP('',(#2379));
#754=EDGE_LOOP('',(#2380));
#755=EDGE_LOOP('',(#2381));
#756=EDGE_LOOP('',(#2382));
#757=EDGE_LOOP('',(#2383));
#758=EDGE_LOOP('',(#2384,#2385,#2386,#2387));
#759=EDGE_LOOP('',(#2388,#2389));
#760=EDGE_LOOP('',(#2390,#2391,#2392,#2393,#2394));
#761=EDGE_LOOP('',(#2395));
#762=EDGE_LOOP('',(#2396));
#763=EDGE_LOOP('',(#2397,#2398,#2399,#2400));
#764=EDGE_LOOP('',(#2401));
#765=EDGE_LOOP('',(#2402));
#766=EDGE_LOOP('',(#2403,#2404,#2405,#2406));
#767=EDGE_LOOP('',(#2407));
#768=EDGE_LOOP('',(#2408));
#769=EDGE_LOOP('',(#2409,#2410,#2411,#2412));
#770=EDGE_LOOP('',(#2413));
#771=EDGE_LOOP('',(#2414));
#772=EDGE_LOOP('',(#2415,#2416,#2417,#2418));
#773=EDGE_LOOP('',(#2419,#2420,#2421,#2422));
#774=EDGE_LOOP('',(#2423,#2424,#2425,#2426));
#775=EDGE_LOOP('',(#2427,#2428,#2429,#2430));
#776=EDGE_LOOP('',(#2431,#2432,#2433,#2434));
#777=LINE('',#3928,#979);
#778=LINE('',#3930,#980);
#779=LINE('',#3932,#981);
#780=LINE('',#3933,#982);
#781=LINE('',#3952,#983);
#782=LINE('',#3954,#984);
#783=LINE('',#3956,#985);
#784=LINE('',#3957,#986);
#785=LINE('',#3960,#987);
#786=LINE('',#3962,#988);
#787=LINE('',#3963,#989);
#788=LINE('',#3974,#990);
#789=LINE('',#3976,#991);
#790=LINE('',#3977,#992);
#791=LINE('',#3996,#993);
#792=LINE('',#3998,#994);
#793=LINE('',#4000,#995);
#794=LINE('',#4001,#996);
#795=LINE('',#4003,#997);
#796=LINE('',#4004,#998);
#797=LINE('',#4039,#999);
#798=LINE('',#4043,#1000);
#799=LINE('',#4046,#1001);
#800=LINE('',#4050,#1002);
#801=LINE('',#4054,#1003);
#802=LINE('',#4058,#1004);
#803=LINE('',#4062,#1005);
#804=LINE('',#4066,#1006);
#805=LINE('',#4071,#1007);
#806=LINE('',#4074,#1008);
#807=LINE('',#4078,#1009);
#808=LINE('',#4081,#1010);
#809=LINE('',#4085,#1011);
#810=LINE('',#4088,#1012);
#811=LINE('',#4092,#1013);
#812=LINE('',#4095,#1014);
#813=LINE('',#4099,#1015);
#814=LINE('',#4102,#1016);
#815=LINE('',#4106,#1017);
#816=LINE('',#4109,#1018);
#817=LINE('',#4113,#1019);
#818=LINE('',#4116,#1020);
#819=LINE('',#4120,#1021);
#820=LINE('',#4123,#1022);
#821=LINE('',#4127,#1023);
#822=LINE('',#4130,#1024);
#823=LINE('',#4134,#1025);
#824=LINE('',#4137,#1026);
#825=LINE('',#4141,#1027);
#826=LINE('',#4144,#1028);
#827=LINE('',#4148,#1029);
#828=LINE('',#4151,#1030);
#829=LINE('',#4155,#1031);
#830=LINE('',#4159,#1032);
#831=LINE('',#4160,#1033);
#832=LINE('',#4162,#1034);
#833=LINE('',#4164,#1035);
#834=LINE('',#4167,#1036);
#835=LINE('',#4168,#1037);
#836=LINE('',#4170,#1038);
#837=LINE('',#4172,#1039);
#838=LINE('',#4177,#1040);
#839=LINE('',#4180,#1041);
#840=LINE('',#4184,#1042);
#841=LINE('',#4187,#1043);
#842=LINE('',#4191,#1044);
#843=LINE('',#4194,#1045);
#844=LINE('',#4198,#1046);
#845=LINE('',#4201,#1047);
#846=LINE('',#4205,#1048);
#847=LINE('',#4208,#1049);
#848=LINE('',#4212,#1050);
#849=LINE('',#4215,#1051);
#850=LINE('',#4219,#1052);
#851=LINE('',#4222,#1053);
#852=LINE('',#4226,#1054);
#853=LINE('',#4229,#1055);
#854=LINE('',#4233,#1056);
#855=LINE('',#4236,#1057);
#856=LINE('',#4240,#1058);
#857=LINE('',#4243,#1059);
#858=LINE('',#4247,#1060);
#859=LINE('',#4250,#1061);
#860=LINE('',#4254,#1062);
#861=LINE('',#4257,#1063);
#862=LINE('',#4261,#1064);
#863=LINE('',#4264,#1065);
#864=LINE('',#4268,#1066);
#865=LINE('',#4271,#1067);
#866=LINE('',#4275,#1068);
#867=LINE('',#4278,#1069);
#868=LINE('',#4282,#1070);
#869=LINE('',#4285,#1071);
#870=LINE('',#4289,#1072);
#871=LINE('',#4292,#1073);
#872=LINE('',#4296,#1074);
#873=LINE('',#4299,#1075);
#874=LINE('',#4303,#1076);
#875=LINE('',#4306,#1077);
#876=LINE('',#4310,#1078);
#877=LINE('',#4313,#1079);
#878=LINE('',#4318,#1080);
#879=LINE('',#4320,#1081);
#880=LINE('',#4322,#1082);
#881=LINE('',#4323,#1083);
#882=LINE('',#4326,#1084);
#883=LINE('',#4328,#1085);
#884=LINE('',#4329,#1086);
#885=LINE('',#4332,#1087);
#886=LINE('',#4334,#1088);
#887=LINE('',#4335,#1089);
#888=LINE('',#4337,#1090);
#889=LINE('',#4338,#1091);
#890=LINE('',#4350,#1092);
#891=LINE('',#4352,#1093);
#892=LINE('',#4354,#1094);
#893=LINE('',#4355,#1095);
#894=LINE('',#4367,#1096);
#895=LINE('',#4369,#1097);
#896=LINE('',#4371,#1098);
#897=LINE('',#4372,#1099);
#898=LINE('',#4374,#1100);
#899=LINE('',#4375,#1101);
#900=LINE('',#4377,#1102);
#901=LINE('',#4379,#1103);
#902=LINE('',#4382,#1104);
#903=LINE('',#4384,#1105);
#904=LINE('',#4386,#1106);
#905=LINE('',#4388,#1107);
#906=LINE('',#4394,#1108);
#907=LINE('',#4399,#1109);
#908=LINE('',#4401,#1110);
#909=LINE('',#4403,#1111);
#910=LINE('',#4404,#1112);
#911=LINE('',#4407,#1113);
#912=LINE('',#4409,#1114);
#913=LINE('',#4410,#1115);
#914=LINE('',#4413,#1116);
#915=LINE('',#4415,#1117);
#916=LINE('',#4416,#1118);
#917=LINE('',#4418,#1119);
#918=LINE('',#4419,#1120);
#919=LINE('',#4444,#1121);
#920=LINE('',#4446,#1122);
#921=LINE('',#4448,#1123);
#922=LINE('',#4450,#1124);
#923=LINE('',#4452,#1125);
#924=LINE('',#4457,#1126);
#925=LINE('',#4459,#1127);
#926=LINE('',#4461,#1128);
#927=LINE('',#4462,#1129);
#928=LINE('',#4465,#1130);
#929=LINE('',#4467,#1131);
#930=LINE('',#4468,#1132);
#931=LINE('',#4471,#1133);
#932=LINE('',#4473,#1134);
#933=LINE('',#4474,#1135);
#934=LINE('',#4476,#1136);
#935=LINE('',#4477,#1137);
#936=LINE('',#4484,#1138);
#937=LINE('',#4486,#1139);
#938=LINE('',#4488,#1140);
#939=LINE('',#4489,#1141);
#940=LINE('',#4492,#1142);
#941=LINE('',#4494,#1143);
#942=LINE('',#4495,#1144);
#943=LINE('',#4498,#1145);
#944=LINE('',#4500,#1146);
#945=LINE('',#4501,#1147);
#946=LINE('',#4503,#1148);
#947=LINE('',#4504,#1149);
#948=LINE('',#4524,#1150);
#949=LINE('',#4526,#1151);
#950=LINE('',#4528,#1152);
#951=LINE('',#4530,#1153);
#952=LINE('',#4535,#1154);
#953=LINE('',#4537,#1155);
#954=LINE('',#4539,#1156);
#955=LINE('',#4540,#1157);
#956=LINE('',#4563,#1158);
#957=LINE('',#4569,#1159);
#958=LINE('',#4575,#1160);
#959=LINE('',#4581,#1161);
#960=LINE('',#4587,#1162);
#961=LINE('',#4592,#1163);
#962=LINE('',#4593,#1164);
#963=LINE('',#4594,#1165);
#964=LINE('',#4599,#1166);
#965=LINE('',#4600,#1167);
#966=LINE('',#4603,#1168);
#967=LINE('',#4604,#1169);
#968=LINE('',#4606,#1170);
#969=LINE('',#4620,#1171);
#970=LINE('',#4661,#1172);
#971=LINE('',#4666,#1173);
#972=LINE('',#4671,#1174);
#973=LINE('',#4676,#1175);
#974=LINE('',#4681,#1176);
#975=LINE('',#4683,#1177);
#976=LINE('',#4685,#1178);
#977=LINE('',#4687,#1179);
#978=LINE('',#4689,#1180);
#979=VECTOR('',#3131,1.5);
#980=VECTOR('',#3132,1.5);
#981=VECTOR('',#3133,1.5);
#982=VECTOR('',#3134,1.5);
#983=VECTOR('',#3151,1.2);
#984=VECTOR('',#3152,0.3);
#985=VECTOR('',#3153,1.2);
#986=VECTOR('',#3154,0.3);
#987=VECTOR('',#3157,1.5);
#988=VECTOR('',#3158,1.5);
#989=VECTOR('',#3159,1.5);
#990=VECTOR('',#3170,1.5);
#991=VECTOR('',#3171,1.5);
#992=VECTOR('',#3172,1.5);
#993=VECTOR('',#3189,1.2);
#994=VECTOR('',#3190,0.3);
#995=VECTOR('',#3191,1.2);
#996=VECTOR('',#3192,0.3);
#997=VECTOR('',#3195,1.5);
#998=VECTOR('',#3196,1.5);
#999=VECTOR('',#3233,0.6);
#1000=VECTOR('',#3236,1.2);
#1001=VECTOR('',#3239,0.6);
#1002=VECTOR('',#3242,0.45);
#1003=VECTOR('',#3245,0.449999999999999);
#1004=VECTOR('',#3248,1.2);
#1005=VECTOR('',#3251,0.45);
#1006=VECTOR('',#3254,0.45);
#1007=VECTOR('',#3259,0.0445);
#1008=VECTOR('',#3264,0.0445);
#1009=VECTOR('',#3267,0.0445);
#1010=VECTOR('',#3272,0.0445);
#1011=VECTOR('',#3275,0.0444999999999999);
#1012=VECTOR('',#3280,0.0444999999999999);
#1013=VECTOR('',#3283,0.0444999999999999);
#1014=VECTOR('',#3288,0.0444999999999999);
#1015=VECTOR('',#3291,0.0445);
#1016=VECTOR('',#3296,0.0445);
#1017=VECTOR('',#3299,0.0445);
#1018=VECTOR('',#3304,0.0445);
#1019=VECTOR('',#3307,0.0444999999999999);
#1020=VECTOR('',#3312,0.0444999999999999);
#1021=VECTOR('',#3315,0.0444999999999999);
#1022=VECTOR('',#3320,0.0444999999999999);
#1023=VECTOR('',#3323,0.0445);
#1024=VECTOR('',#3328,0.0445);
#1025=VECTOR('',#3331,0.0444999999999999);
#1026=VECTOR('',#3336,0.0445);
#1027=VECTOR('',#3339,0.0445);
#1028=VECTOR('',#3344,0.0445);
#1029=VECTOR('',#3347,0.0444999999999999);
#1030=VECTOR('',#3352,0.0445);
#1031=VECTOR('',#3357,0.6);
#1032=VECTOR('',#3364,0.169052498068888);
#1033=VECTOR('',#3365,0.169052498068888);
#1034=VECTOR('',#3368,0.169052498068888);
#1035=VECTOR('',#3371,0.169052498068888);
#1036=VECTOR('',#3376,0.169052498068887);
#1037=VECTOR('',#3377,0.169052498068887);
#1038=VECTOR('',#3380,0.169052498068887);
#1039=VECTOR('',#3383,0.169052498068887);
#1040=VECTOR('',#3388,0.0444999999999999);
#1041=VECTOR('',#3393,0.0444999999999997);
#1042=VECTOR('',#3396,0.0445);
#1043=VECTOR('',#3401,0.0444999999999998);
#1044=VECTOR('',#3404,0.0444999999999999);
#1045=VECTOR('',#3409,0.0444999999999997);
#1046=VECTOR('',#3412,0.0445);
#1047=VECTOR('',#3417,0.0444999999999998);
#1048=VECTOR('',#3420,0.0445);
#1049=VECTOR('',#3425,0.0444999999999998);
#1050=VECTOR('',#3428,0.0445);
#1051=VECTOR('',#3433,0.0444999999999998);
#1052=VECTOR('',#3436,0.0445);
#1053=VECTOR('',#3441,0.0444999999999998);
#1054=VECTOR('',#3444,0.0445);
#1055=VECTOR('',#3449,0.0444999999999998);
#1056=VECTOR('',#3452,0.0444999999999995);
#1057=VECTOR('',#3457,0.0444999999999995);
#1058=VECTOR('',#3460,0.0444999999999995);
#1059=VECTOR('',#3465,0.0444999999999995);
#1060=VECTOR('',#3468,0.0444999999999995);
#1061=VECTOR('',#3473,0.0444999999999995);
#1062=VECTOR('',#3476,0.0444999999999995);
#1063=VECTOR('',#3481,0.0444999999999995);
#1064=VECTOR('',#3484,0.0349999999999999);
#1065=VECTOR('',#3489,0.0349999999999997);
#1066=VECTOR('',#3492,0.0349999999999999);
#1067=VECTOR('',#3497,0.0349999999999997);
#1068=VECTOR('',#3500,0.035);
#1069=VECTOR('',#3505,0.0349999999999998);
#1070=VECTOR('',#3508,0.035);
#1071=VECTOR('',#3513,0.0349999999999998);
#1072=VECTOR('',#3516,0.0349999999999999);
#1073=VECTOR('',#3521,0.0349999999999997);
#1074=VECTOR('',#3524,0.0349999999999999);
#1075=VECTOR('',#3529,0.0349999999999997);
#1076=VECTOR('',#3532,0.035);
#1077=VECTOR('',#3537,0.0349999999999998);
#1078=VECTOR('',#3540,0.035);
#1079=VECTOR('',#3545,0.0349999999999998);
#1080=VECTOR('',#3550,1.5);
#1081=VECTOR('',#3551,0.05);
#1082=VECTOR('',#3552,1.5);
#1083=VECTOR('',#3553,0.05);
#1084=VECTOR('',#3556,0.9);
#1085=VECTOR('',#3557,0.05);
#1086=VECTOR('',#3558,0.9);
#1087=VECTOR('',#3561,1.5);
#1088=VECTOR('',#3562,0.05);
#1089=VECTOR('',#3563,1.5);
#1090=VECTOR('',#3566,0.9);
#1091=VECTOR('',#3567,0.9);
#1092=VECTOR('',#3578,1.2);
#1093=VECTOR('',#3579,0.3);
#1094=VECTOR('',#3580,1.2);
#1095=VECTOR('',#3581,0.3);
#1096=VECTOR('',#3592,0.3);
#1097=VECTOR('',#3593,1.2);
#1098=VECTOR('',#3594,0.3);
#1099=VECTOR('',#3595,1.2);
#1100=VECTOR('',#3598,0.05);
#1101=VECTOR('',#3599,0.05);
#1102=VECTOR('',#3602,0.05);
#1103=VECTOR('',#3605,0.05);
#1104=VECTOR('',#3610,0.0642499999999999);
#1105=VECTOR('',#3613,0.0642499999999999);
#1106=VECTOR('',#3616,0.06425);
#1107=VECTOR('',#3619,0.06425);
#1108=VECTOR('',#3626,0.0625);
#1109=VECTOR('',#3631,1.5);
#1110=VECTOR('',#3632,0.05);
#1111=VECTOR('',#3633,1.5);
#1112=VECTOR('',#3634,0.05);
#1113=VECTOR('',#3637,1.5);
#1114=VECTOR('',#3638,0.05);
#1115=VECTOR('',#3639,1.5);
#1116=VECTOR('',#3642,1.5);
#1117=VECTOR('',#3643,0.05);
#1118=VECTOR('',#3644,1.5);
#1119=VECTOR('',#3647,1.5);
#1120=VECTOR('',#3648,1.5);
#1121=VECTOR('',#3677,0.6);
#1122=VECTOR('',#3680,0.0642499999999997);
#1123=VECTOR('',#3683,0.0642499999999997);
#1124=VECTOR('',#3686,0.0642499999999997);
#1125=VECTOR('',#3689,0.0642499999999997);
#1126=VECTOR('',#3694,0.482126);
#1127=VECTOR('',#3695,0.04);
#1128=VECTOR('',#3696,0.482126);
#1129=VECTOR('',#3697,0.04);
#1130=VECTOR('',#3700,1.42);
#1131=VECTOR('',#3701,0.04);
#1132=VECTOR('',#3702,1.42);
#1133=VECTOR('',#3705,0.482126);
#1134=VECTOR('',#3706,0.04);
#1135=VECTOR('',#3707,0.482126);
#1136=VECTOR('',#3710,1.42);
#1137=VECTOR('',#3711,1.42);
#1138=VECTOR('',#3720,1.5);
#1139=VECTOR('',#3721,0.05);
#1140=VECTOR('',#3722,1.5);
#1141=VECTOR('',#3723,0.05);
#1142=VECTOR('',#3726,1.5);
#1143=VECTOR('',#3727,0.05);
#1144=VECTOR('',#3728,1.5);
#1145=VECTOR('',#3731,1.5);
#1146=VECTOR('',#3732,0.05);
#1147=VECTOR('',#3733,1.5);
#1148=VECTOR('',#3736,1.5);
#1149=VECTOR('',#3737,1.5);
#1150=VECTOR('',#3760,0.058);
#1151=VECTOR('',#3763,0.058);
#1152=VECTOR('',#3766,0.058);
#1153=VECTOR('',#3769,0.058);
#1154=VECTOR('',#3774,1.5);
#1155=VECTOR('',#3775,1.5);
#1156=VECTOR('',#3776,1.5);
#1157=VECTOR('',#3777,1.5);
#1158=VECTOR('',#3800,0.0642499999999997);
#1159=VECTOR('',#3807,0.0642499999999997);
#1160=VECTOR('',#3814,0.0642499999999997);
#1161=VECTOR('',#3821,0.0642499999999997);
#1162=VECTOR('',#3828,0.05);
#1163=VECTOR('',#3833,1.5);
#1164=VECTOR('',#3834,0.3);
#1165=VECTOR('',#3835,0.3);
#1166=VECTOR('',#3840,1.5);
#1167=VECTOR('',#3841,0.3);
#1168=VECTOR('',#3844,1.5);
#1169=VECTOR('',#3845,0.3);
#1170=VECTOR('',#3848,1.5);
#1171=VECTOR('',#3865,0.4);
#1172=VECTOR('',#3868,0.03125);
#1173=VECTOR('',#3875,0.1);
#1174=VECTOR('',#3882,0.1);
#1175=VECTOR('',#3889,0.1);
#1176=VECTOR('',#3896,0.1);
#1177=VECTOR('',#3899,0.0444999999999999);
#1178=VECTOR('',#3902,0.0445);
#1179=VECTOR('',#3905,0.0444999999999999);
#1180=VECTOR('',#3908,0.0445);
#1181=VERTEX_POINT('',#3926);
#1182=VERTEX_POINT('',#3927);
#1183=VERTEX_POINT('',#3929);
#1184=VERTEX_POINT('',#3931);
#1185=VERTEX_POINT('',#3934);
#1186=VERTEX_POINT('',#3936);
#1187=VERTEX_POINT('',#3938);
#1188=VERTEX_POINT('',#3940);
#1189=VERTEX_POINT('',#3942);
#1190=VERTEX_POINT('',#3944);
#1191=VERTEX_POINT('',#3946);
#1192=VERTEX_POINT('',#3948);
#1193=VERTEX_POINT('',#3950);
#1194=VERTEX_POINT('',#3951);
#1195=VERTEX_POINT('',#3953);
#1196=VERTEX_POINT('',#3955);
#1197=VERTEX_POINT('',#3959);
#1198=VERTEX_POINT('',#3961);
#1199=VERTEX_POINT('',#3964);
#1200=VERTEX_POINT('',#3966);
#1201=VERTEX_POINT('',#3968);
#1202=VERTEX_POINT('',#3970);
#1203=VERTEX_POINT('',#3973);
#1204=VERTEX_POINT('',#3975);
#1205=VERTEX_POINT('',#3978);
#1206=VERTEX_POINT('',#3980);
#1207=VERTEX_POINT('',#3982);
#1208=VERTEX_POINT('',#3984);
#1209=VERTEX_POINT('',#3986);
#1210=VERTEX_POINT('',#3988);
#1211=VERTEX_POINT('',#3990);
#1212=VERTEX_POINT('',#3992);
#1213=VERTEX_POINT('',#3994);
#1214=VERTEX_POINT('',#3995);
#1215=VERTEX_POINT('',#3997);
#1216=VERTEX_POINT('',#3999);
#1217=VERTEX_POINT('',#4005);
#1218=VERTEX_POINT('',#4007);
#1219=VERTEX_POINT('',#4009);
#1220=VERTEX_POINT('',#4011);
#1221=VERTEX_POINT('',#4013);
#1222=VERTEX_POINT('',#4016);
#1223=VERTEX_POINT('',#4018);
#1224=VERTEX_POINT('',#4020);
#1225=VERTEX_POINT('',#4022);
#1226=VERTEX_POINT('',#4024);
#1227=VERTEX_POINT('',#4027);
#1228=VERTEX_POINT('',#4029);
#1229=VERTEX_POINT('',#4031);
#1230=VERTEX_POINT('',#4033);
#1231=VERTEX_POINT('',#4035);
#1232=VERTEX_POINT('',#4038);
#1233=VERTEX_POINT('',#4040);
#1234=VERTEX_POINT('',#4042);
#1235=VERTEX_POINT('',#4044);
#1236=VERTEX_POINT('',#4047);
#1237=VERTEX_POINT('',#4049);
#1238=VERTEX_POINT('',#4051);
#1239=VERTEX_POINT('',#4053);
#1240=VERTEX_POINT('',#4055);
#1241=VERTEX_POINT('',#4057);
#1242=VERTEX_POINT('',#4059);
#1243=VERTEX_POINT('',#4061);
#1244=VERTEX_POINT('',#4063);
#1245=VERTEX_POINT('',#4065);
#1246=VERTEX_POINT('',#4069);
#1247=VERTEX_POINT('',#4070);
#1248=VERTEX_POINT('',#4076);
#1249=VERTEX_POINT('',#4077);
#1250=VERTEX_POINT('',#4083);
#1251=VERTEX_POINT('',#4084);
#1252=VERTEX_POINT('',#4090);
#1253=VERTEX_POINT('',#4091);
#1254=VERTEX_POINT('',#4097);
#1255=VERTEX_POINT('',#4098);
#1256=VERTEX_POINT('',#4104);
#1257=VERTEX_POINT('',#4105);
#1258=VERTEX_POINT('',#4111);
#1259=VERTEX_POINT('',#4112);
#1260=VERTEX_POINT('',#4118);
#1261=VERTEX_POINT('',#4119);
#1262=VERTEX_POINT('',#4125);
#1263=VERTEX_POINT('',#4126);
#1264=VERTEX_POINT('',#4132);
#1265=VERTEX_POINT('',#4133);
#1266=VERTEX_POINT('',#4139);
#1267=VERTEX_POINT('',#4140);
#1268=VERTEX_POINT('',#4146);
#1269=VERTEX_POINT('',#4147);
#1270=VERTEX_POINT('',#4153);
#1271=VERTEX_POINT('',#4175);
#1272=VERTEX_POINT('',#4176);
#1273=VERTEX_POINT('',#4182);
#1274=VERTEX_POINT('',#4183);
#1275=VERTEX_POINT('',#4189);
#1276=VERTEX_POINT('',#4190);
#1277=VERTEX_POINT('',#4196);
#1278=VERTEX_POINT('',#4197);
#1279=VERTEX_POINT('',#4203);
#1280=VERTEX_POINT('',#4204);
#1281=VERTEX_POINT('',#4210);
#1282=VERTEX_POINT('',#4211);
#1283=VERTEX_POINT('',#4217);
#1284=VERTEX_POINT('',#4218);
#1285=VERTEX_POINT('',#4224);
#1286=VERTEX_POINT('',#4225);
#1287=VERTEX_POINT('',#4231);
#1288=VERTEX_POINT('',#4232);
#1289=VERTEX_POINT('',#4238);
#1290=VERTEX_POINT('',#4239);
#1291=VERTEX_POINT('',#4245);
#1292=VERTEX_POINT('',#4246);
#1293=VERTEX_POINT('',#4252);
#1294=VERTEX_POINT('',#4253);
#1295=VERTEX_POINT('',#4259);
#1296=VERTEX_POINT('',#4260);
#1297=VERTEX_POINT('',#4266);
#1298=VERTEX_POINT('',#4267);
#1299=VERTEX_POINT('',#4273);
#1300=VERTEX_POINT('',#4274);
#1301=VERTEX_POINT('',#4280);
#1302=VERTEX_POINT('',#4281);
#1303=VERTEX_POINT('',#4287);
#1304=VERTEX_POINT('',#4288);
#1305=VERTEX_POINT('',#4294);
#1306=VERTEX_POINT('',#4295);
#1307=VERTEX_POINT('',#4301);
#1308=VERTEX_POINT('',#4302);
#1309=VERTEX_POINT('',#4308);
#1310=VERTEX_POINT('',#4309);
#1311=VERTEX_POINT('',#4316);
#1312=VERTEX_POINT('',#4317);
#1313=VERTEX_POINT('',#4319);
#1314=VERTEX_POINT('',#4321);
#1315=VERTEX_POINT('',#4325);
#1316=VERTEX_POINT('',#4327);
#1317=VERTEX_POINT('',#4331);
#1318=VERTEX_POINT('',#4333);
#1319=VERTEX_POINT('',#4340);
#1320=VERTEX_POINT('',#4342);
#1321=VERTEX_POINT('',#4344);
#1322=VERTEX_POINT('',#4346);
#1323=VERTEX_POINT('',#4348);
#1324=VERTEX_POINT('',#4349);
#1325=VERTEX_POINT('',#4351);
#1326=VERTEX_POINT('',#4353);
#1327=VERTEX_POINT('',#4357);
#1328=VERTEX_POINT('',#4359);
#1329=VERTEX_POINT('',#4361);
#1330=VERTEX_POINT('',#4363);
#1331=VERTEX_POINT('',#4365);
#1332=VERTEX_POINT('',#4366);
#1333=VERTEX_POINT('',#4368);
#1334=VERTEX_POINT('',#4370);
#1335=VERTEX_POINT('',#4391);
#1336=VERTEX_POINT('',#4393);
#1337=VERTEX_POINT('',#4397);
#1338=VERTEX_POINT('',#4398);
#1339=VERTEX_POINT('',#4400);
#1340=VERTEX_POINT('',#4402);
#1341=VERTEX_POINT('',#4406);
#1342=VERTEX_POINT('',#4408);
#1343=VERTEX_POINT('',#4412);
#1344=VERTEX_POINT('',#4414);
#1345=VERTEX_POINT('',#4421);
#1346=VERTEX_POINT('',#4423);
#1347=VERTEX_POINT('',#4425);
#1348=VERTEX_POINT('',#4427);
#1349=VERTEX_POINT('',#4429);
#1350=VERTEX_POINT('',#4432);
#1351=VERTEX_POINT('',#4434);
#1352=VERTEX_POINT('',#4436);
#1353=VERTEX_POINT('',#4438);
#1354=VERTEX_POINT('',#4441);
#1355=VERTEX_POINT('',#4455);
#1356=VERTEX_POINT('',#4456);
#1357=VERTEX_POINT('',#4458);
#1358=VERTEX_POINT('',#4460);
#1359=VERTEX_POINT('',#4464);
#1360=VERTEX_POINT('',#4466);
#1361=VERTEX_POINT('',#4470);
#1362=VERTEX_POINT('',#4472);
#1363=VERTEX_POINT('',#4482);
#1364=VERTEX_POINT('',#4483);
#1365=VERTEX_POINT('',#4485);
#1366=VERTEX_POINT('',#4487);
#1367=VERTEX_POINT('',#4491);
#1368=VERTEX_POINT('',#4493);
#1369=VERTEX_POINT('',#4497);
#1370=VERTEX_POINT('',#4499);
#1371=VERTEX_POINT('',#4506);
#1372=VERTEX_POINT('',#4508);
#1373=VERTEX_POINT('',#4510);
#1374=VERTEX_POINT('',#4512);
#1375=VERTEX_POINT('',#4515);
#1376=VERTEX_POINT('',#4517);
#1377=VERTEX_POINT('',#4519);
#1378=VERTEX_POINT('',#4521);
#1379=VERTEX_POINT('',#4533);
#1380=VERTEX_POINT('',#4534);
#1381=VERTEX_POINT('',#4536);
#1382=VERTEX_POINT('',#4538);
#1383=VERTEX_POINT('',#4541);
#1384=VERTEX_POINT('',#4543);
#1385=VERTEX_POINT('',#4545);
#1386=VERTEX_POINT('',#4547);
#1387=VERTEX_POINT('',#4549);
#1388=VERTEX_POINT('',#4551);
#1389=VERTEX_POINT('',#4553);
#1390=VERTEX_POINT('',#4555);
#1391=VERTEX_POINT('',#4557);
#1392=VERTEX_POINT('',#4560);
#1393=VERTEX_POINT('',#4562);
#1394=VERTEX_POINT('',#4566);
#1395=VERTEX_POINT('',#4568);
#1396=VERTEX_POINT('',#4572);
#1397=VERTEX_POINT('',#4574);
#1398=VERTEX_POINT('',#4578);
#1399=VERTEX_POINT('',#4580);
#1400=VERTEX_POINT('',#4584);
#1401=VERTEX_POINT('',#4586);
#1402=VERTEX_POINT('',#4590);
#1403=VERTEX_POINT('',#4591);
#1404=VERTEX_POINT('',#4595);
#1405=VERTEX_POINT('',#4598);
#1406=VERTEX_POINT('',#4602);
#1407=VERTEX_POINT('',#4608);
#1408=VERTEX_POINT('',#4610);
#1409=VERTEX_POINT('',#4612);
#1410=VERTEX_POINT('',#4614);
#1411=VERTEX_POINT('',#4617);
#1412=VERTEX_POINT('',#4621);
#1413=VERTEX_POINT('',#4622);
#1414=VERTEX_POINT('',#4663);
#1415=VERTEX_POINT('',#4668);
#1416=VERTEX_POINT('',#4673);
#1417=VERTEX_POINT('',#4678);
#1418=EDGE_CURVE('',#1181,#1182,#777,.T.);
#1419=EDGE_CURVE('',#1183,#1182,#778,.T.);
#1420=EDGE_CURVE('',#1184,#1183,#779,.T.);
#1421=EDGE_CURVE('',#1184,#1181,#780,.T.);
#1422=EDGE_CURVE('',#1185,#1185,#255,.T.);
#1423=EDGE_CURVE('',#1186,#1186,#256,.T.);
#1424=EDGE_CURVE('',#1187,#1187,#257,.T.);
#1425=EDGE_CURVE('',#1188,#1188,#258,.T.);
#1426=EDGE_CURVE('',#1189,#1189,#259,.T.);
#1427=EDGE_CURVE('',#1190,#1190,#260,.T.);
#1428=EDGE_CURVE('',#1191,#1191,#261,.T.);
#1429=EDGE_CURVE('',#1192,#1192,#262,.T.);
#1430=EDGE_CURVE('',#1193,#1194,#781,.T.);
#1431=EDGE_CURVE('',#1193,#1195,#782,.T.);
#1432=EDGE_CURVE('',#1195,#1196,#783,.T.);
#1433=EDGE_CURVE('',#1194,#1196,#784,.T.);
#1434=EDGE_CURVE('',#1182,#1197,#785,.T.);
#1435=EDGE_CURVE('',#1198,#1197,#786,.T.);
#1436=EDGE_CURVE('',#1183,#1198,#787,.T.);
#1437=EDGE_CURVE('',#1199,#1199,#263,.T.);
#1438=EDGE_CURVE('',#1200,#1200,#264,.T.);
#1439=EDGE_CURVE('',#1201,#1201,#265,.T.);
#1440=EDGE_CURVE('',#1202,#1202,#266,.T.);
#1441=EDGE_CURVE('',#1197,#1203,#788,.T.);
#1442=EDGE_CURVE('',#1204,#1203,#789,.T.);
#1443=EDGE_CURVE('',#1198,#1204,#790,.T.);
#1444=EDGE_CURVE('',#1205,#1205,#267,.T.);
#1445=EDGE_CURVE('',#1206,#1206,#268,.T.);
#1446=EDGE_CURVE('',#1207,#1207,#269,.T.);
#1447=EDGE_CURVE('',#1208,#1208,#270,.T.);
#1448=EDGE_CURVE('',#1209,#1209,#271,.T.);
#1449=EDGE_CURVE('',#1210,#1210,#272,.T.);
#1450=EDGE_CURVE('',#1211,#1211,#273,.T.);
#1451=EDGE_CURVE('',#1212,#1212,#274,.T.);
#1452=EDGE_CURVE('',#1213,#1214,#791,.T.);
#1453=EDGE_CURVE('',#1215,#1213,#792,.T.);
#1454=EDGE_CURVE('',#1215,#1216,#793,.T.);
#1455=EDGE_CURVE('',#1216,#1214,#794,.T.);
#1456=EDGE_CURVE('',#1203,#1181,#795,.T.);
#1457=EDGE_CURVE('',#1204,#1184,#796,.T.);
#1458=EDGE_CURVE('',#1217,#1217,#275,.T.);
#1459=EDGE_CURVE('',#1218,#1218,#276,.T.);
#1460=EDGE_CURVE('',#1219,#1219,#277,.T.);
#1461=EDGE_CURVE('',#1220,#1220,#278,.T.);
#1462=EDGE_CURVE('',#1221,#1221,#279,.T.);
#1463=EDGE_CURVE('',#1222,#1222,#280,.T.);
#1464=EDGE_CURVE('',#1223,#1223,#281,.T.);
#1465=EDGE_CURVE('',#1224,#1224,#282,.T.);
#1466=EDGE_CURVE('',#1225,#1225,#283,.T.);
#1467=EDGE_CURVE('',#1226,#1226,#284,.T.);
#1468=EDGE_CURVE('',#1227,#1227,#285,.T.);
#1469=EDGE_CURVE('',#1228,#1228,#286,.T.);
#1470=EDGE_CURVE('',#1229,#1229,#287,.T.);
#1471=EDGE_CURVE('',#1230,#1230,#288,.T.);
#1472=EDGE_CURVE('',#1231,#1231,#289,.T.);
#1473=EDGE_CURVE('',#1231,#1232,#797,.T.);
#1474=EDGE_CURVE('',#1232,#1233,#290,.F.);
#1475=EDGE_CURVE('',#1234,#1233,#798,.F.);
#1476=EDGE_CURVE('',#1235,#1234,#291,.F.);
#1477=EDGE_CURVE('',#1235,#1226,#799,.T.);
#1478=EDGE_CURVE('',#1236,#1235,#292,.F.);
#1479=EDGE_CURVE('',#1236,#1237,#800,.F.);
#1480=EDGE_CURVE('',#1237,#1238,#99,.F.);
#1481=EDGE_CURVE('',#1238,#1239,#801,.T.);
#1482=EDGE_CURVE('',#1240,#1239,#293,.F.);
#1483=EDGE_CURVE('',#1241,#1240,#802,.T.);
#1484=EDGE_CURVE('',#1241,#1242,#294,.F.);
#1485=EDGE_CURVE('',#1242,#1243,#803,.T.);
#1486=EDGE_CURVE('',#1243,#1244,#100,.T.);
#1487=EDGE_CURVE('',#1244,#1245,#804,.F.);
#1488=EDGE_CURVE('',#1245,#1232,#295,.F.);
#1489=EDGE_CURVE('',#1246,#1247,#805,.T.);
#1490=EDGE_CURVE('',#1247,#1247,#296,.T.);
#1491=EDGE_CURVE('',#1247,#1225,#806,.T.);
#1492=EDGE_CURVE('',#1248,#1249,#807,.T.);
#1493=EDGE_CURVE('',#1249,#1249,#297,.T.);
#1494=EDGE_CURVE('',#1249,#1224,#808,.T.);
#1495=EDGE_CURVE('',#1250,#1251,#809,.T.);
#1496=EDGE_CURVE('',#1251,#1251,#298,.T.);
#1497=EDGE_CURVE('',#1251,#1223,#810,.T.);
#1498=EDGE_CURVE('',#1252,#1253,#811,.T.);
#1499=EDGE_CURVE('',#1253,#1253,#299,.T.);
#1500=EDGE_CURVE('',#1253,#1222,#812,.T.);
#1501=EDGE_CURVE('',#1254,#1255,#813,.T.);
#1502=EDGE_CURVE('',#1255,#1255,#300,.T.);
#1503=EDGE_CURVE('',#1255,#1230,#814,.T.);
#1504=EDGE_CURVE('',#1256,#1257,#815,.T.);
#1505=EDGE_CURVE('',#1257,#1257,#301,.T.);
#1506=EDGE_CURVE('',#1257,#1229,#816,.T.);
#1507=EDGE_CURVE('',#1258,#1259,#817,.T.);
#1508=EDGE_CURVE('',#1259,#1259,#302,.T.);
#1509=EDGE_CURVE('',#1259,#1228,#818,.T.);
#1510=EDGE_CURVE('',#1260,#1261,#819,.T.);
#1511=EDGE_CURVE('',#1261,#1261,#303,.T.);
#1512=EDGE_CURVE('',#1261,#1227,#820,.T.);
#1513=EDGE_CURVE('',#1262,#1263,#821,.T.);
#1514=EDGE_CURVE('',#1263,#1263,#304,.T.);
#1515=EDGE_CURVE('',#1263,#1202,#822,.T.);
#1516=EDGE_CURVE('',#1264,#1265,#823,.T.);
#1517=EDGE_CURVE('',#1265,#1265,#305,.T.);
#1518=EDGE_CURVE('',#1265,#1201,#824,.T.);
#1519=EDGE_CURVE('',#1266,#1267,#825,.T.);
#1520=EDGE_CURVE('',#1267,#1267,#306,.T.);
#1521=EDGE_CURVE('',#1267,#1200,#826,.T.);
#1522=EDGE_CURVE('',#1268,#1269,#827,.T.);
#1523=EDGE_CURVE('',#1269,#1269,#307,.T.);
#1524=EDGE_CURVE('',#1269,#1199,#828,.T.);
#1525=EDGE_CURVE('',#1243,#1270,#308,.F.);
#1526=EDGE_CURVE('',#1270,#1221,#829,.T.);
#1527=EDGE_CURVE('',#1270,#1238,#309,.F.);
#1528=EDGE_CURVE('',#1237,#1244,#310,.F.);
#1529=EDGE_CURVE('',#1196,#1236,#830,.T.);
#1530=EDGE_CURVE('',#1195,#1245,#831,.T.);
#1531=EDGE_CURVE('',#1194,#1234,#832,.T.);
#1532=EDGE_CURVE('',#1193,#1233,#833,.T.);
#1533=EDGE_CURVE('',#1241,#1215,#834,.T.);
#1534=EDGE_CURVE('',#1242,#1213,#835,.T.);
#1535=EDGE_CURVE('',#1240,#1216,#836,.T.);
#1536=EDGE_CURVE('',#1239,#1214,#837,.T.);
#1537=EDGE_CURVE('',#1271,#1272,#838,.T.);
#1538=EDGE_CURVE('',#1272,#1272,#311,.T.);
#1539=EDGE_CURVE('',#1272,#1212,#839,.T.);
#1540=EDGE_CURVE('',#1273,#1274,#840,.T.);
#1541=EDGE_CURVE('',#1274,#1274,#312,.T.);
#1542=EDGE_CURVE('',#1274,#1211,#841,.T.);
#1543=EDGE_CURVE('',#1275,#1276,#842,.T.);
#1544=EDGE_CURVE('',#1276,#1276,#313,.T.);
#1545=EDGE_CURVE('',#1276,#1210,#843,.T.);
#1546=EDGE_CURVE('',#1277,#1278,#844,.T.);
#1547=EDGE_CURVE('',#1278,#1278,#314,.T.);
#1548=EDGE_CURVE('',#1278,#1209,#845,.T.);
#1549=EDGE_CURVE('',#1279,#1280,#846,.T.);
#1550=EDGE_CURVE('',#1280,#1280,#315,.T.);
#1551=EDGE_CURVE('',#1280,#1192,#847,.T.);
#1552=EDGE_CURVE('',#1281,#1282,#848,.T.);
#1553=EDGE_CURVE('',#1282,#1282,#316,.T.);
#1554=EDGE_CURVE('',#1282,#1191,#849,.T.);
#1555=EDGE_CURVE('',#1283,#1284,#850,.T.);
#1556=EDGE_CURVE('',#1284,#1284,#317,.T.);
#1557=EDGE_CURVE('',#1284,#1190,#851,.T.);
#1558=EDGE_CURVE('',#1285,#1286,#852,.T.);
#1559=EDGE_CURVE('',#1286,#1286,#318,.T.);
#1560=EDGE_CURVE('',#1286,#1189,#853,.T.);
#1561=EDGE_CURVE('',#1287,#1288,#854,.T.);
#1562=EDGE_CURVE('',#1288,#1288,#319,.T.);
#1563=EDGE_CURVE('',#1288,#1220,#855,.T.);
#1564=EDGE_CURVE('',#1289,#1290,#856,.T.);
#1565=EDGE_CURVE('',#1290,#1290,#320,.T.);
#1566=EDGE_CURVE('',#1290,#1219,#857,.T.);
#1567=EDGE_CURVE('',#1291,#1292,#858,.T.);
#1568=EDGE_CURVE('',#1292,#1292,#321,.T.);
#1569=EDGE_CURVE('',#1292,#1218,#859,.T.);
#1570=EDGE_CURVE('',#1293,#1294,#860,.T.);
#1571=EDGE_CURVE('',#1294,#1294,#322,.T.);
#1572=EDGE_CURVE('',#1294,#1217,#861,.T.);
#1573=EDGE_CURVE('',#1295,#1296,#862,.T.);
#1574=EDGE_CURVE('',#1296,#1296,#323,.T.);
#1575=EDGE_CURVE('',#1296,#1188,#863,.T.);
#1576=EDGE_CURVE('',#1297,#1298,#864,.T.);
#1577=EDGE_CURVE('',#1298,#1298,#324,.T.);
#1578=EDGE_CURVE('',#1298,#1187,#865,.T.);
#1579=EDGE_CURVE('',#1299,#1300,#866,.T.);
#1580=EDGE_CURVE('',#1300,#1300,#325,.T.);
#1581=EDGE_CURVE('',#1300,#1186,#867,.T.);
#1582=EDGE_CURVE('',#1301,#1302,#868,.T.);
#1583=EDGE_CURVE('',#1302,#1302,#326,.T.);
#1584=EDGE_CURVE('',#1302,#1185,#869,.T.);
#1585=EDGE_CURVE('',#1303,#1304,#870,.T.);
#1586=EDGE_CURVE('',#1304,#1304,#327,.T.);
#1587=EDGE_CURVE('',#1304,#1208,#871,.T.);
#1588=EDGE_CURVE('',#1305,#1306,#872,.T.);
#1589=EDGE_CURVE('',#1306,#1306,#328,.T.);
#1590=EDGE_CURVE('',#1306,#1207,#873,.T.);
#1591=EDGE_CURVE('',#1307,#1308,#874,.T.);
#1592=EDGE_CURVE('',#1308,#1308,#329,.T.);
#1593=EDGE_CURVE('',#1308,#1206,#875,.T.);
#1594=EDGE_CURVE('',#1309,#1310,#876,.T.);
#1595=EDGE_CURVE('',#1310,#1310,#330,.T.);
#1596=EDGE_CURVE('',#1310,#1205,#877,.T.);
#1597=EDGE_CURVE('',#1311,#1312,#878,.T.);
#1598=EDGE_CURVE('',#1313,#1311,#879,.T.);
#1599=EDGE_CURVE('',#1313,#1314,#880,.T.);
#1600=EDGE_CURVE('',#1314,#1312,#881,.T.);
#1601=EDGE_CURVE('',#1311,#1315,#882,.T.);
#1602=EDGE_CURVE('',#1316,#1315,#883,.T.);
#1603=EDGE_CURVE('',#1313,#1316,#884,.T.);
#1604=EDGE_CURVE('',#1315,#1317,#885,.T.);
#1605=EDGE_CURVE('',#1318,#1317,#886,.T.);
#1606=EDGE_CURVE('',#1316,#1318,#887,.T.);
#1607=EDGE_CURVE('',#1312,#1317,#888,.T.);
#1608=EDGE_CURVE('',#1314,#1318,#889,.T.);
#1609=EDGE_CURVE('',#1319,#1319,#331,.T.);
#1610=EDGE_CURVE('',#1320,#1320,#332,.T.);
#1611=EDGE_CURVE('',#1321,#1321,#333,.T.);
#1612=EDGE_CURVE('',#1322,#1322,#334,.T.);
#1613=EDGE_CURVE('',#1323,#1324,#890,.T.);
#1614=EDGE_CURVE('',#1325,#1323,#891,.T.);
#1615=EDGE_CURVE('',#1326,#1325,#892,.T.);
#1616=EDGE_CURVE('',#1324,#1326,#893,.T.);
#1617=EDGE_CURVE('',#1327,#1327,#335,.T.);
#1618=EDGE_CURVE('',#1328,#1328,#336,.T.);
#1619=EDGE_CURVE('',#1329,#1329,#337,.T.);
#1620=EDGE_CURVE('',#1330,#1330,#338,.T.);
#1621=EDGE_CURVE('',#1331,#1332,#894,.T.);
#1622=EDGE_CURVE('',#1332,#1333,#895,.T.);
#1623=EDGE_CURVE('',#1333,#1334,#896,.T.);
#1624=EDGE_CURVE('',#1334,#1331,#897,.T.);
#1625=EDGE_CURVE('',#1332,#1323,#898,.T.);
#1626=EDGE_CURVE('',#1331,#1325,#899,.T.);
#1627=EDGE_CURVE('',#1334,#1326,#900,.T.);
#1628=EDGE_CURVE('',#1333,#1324,#901,.T.);
#1629=EDGE_CURVE('',#1330,#1322,#902,.T.);
#1630=EDGE_CURVE('',#1329,#1321,#903,.T.);
#1631=EDGE_CURVE('',#1328,#1320,#904,.T.);
#1632=EDGE_CURVE('',#1327,#1319,#905,.T.);
#1633=EDGE_CURVE('',#1335,#1335,#339,.T.);
#1634=EDGE_CURVE('',#1335,#1336,#906,.T.);
#1635=EDGE_CURVE('',#1336,#1336,#340,.F.);
#1636=EDGE_CURVE('',#1337,#1338,#907,.T.);
#1637=EDGE_CURVE('',#1339,#1338,#908,.T.);
#1638=EDGE_CURVE('',#1340,#1339,#909,.T.);
#1639=EDGE_CURVE('',#1340,#1337,#910,.T.);
#1640=EDGE_CURVE('',#1338,#1341,#911,.T.);
#1641=EDGE_CURVE('',#1342,#1341,#912,.T.);
#1642=EDGE_CURVE('',#1339,#1342,#913,.T.);
#1643=EDGE_CURVE('',#1341,#1343,#914,.T.);
#1644=EDGE_CURVE('',#1344,#1343,#915,.T.);
#1645=EDGE_CURVE('',#1342,#1344,#916,.T.);
#1646=EDGE_CURVE('',#1343,#1337,#917,.T.);
#1647=EDGE_CURVE('',#1344,#1340,#918,.T.);
#1648=EDGE_CURVE('',#1345,#1345,#341,.T.);
#1649=EDGE_CURVE('',#1346,#1346,#342,.T.);
#1650=EDGE_CURVE('',#1347,#1347,#343,.T.);
#1651=EDGE_CURVE('',#1348,#1348,#344,.T.);
#1652=EDGE_CURVE('',#1349,#1349,#345,.T.);
#1653=EDGE_CURVE('',#1350,#1350,#346,.T.);
#1654=EDGE_CURVE('',#1351,#1351,#347,.T.);
#1655=EDGE_CURVE('',#1352,#1352,#348,.T.);
#1656=EDGE_CURVE('',#1353,#1353,#349,.T.);
#1657=EDGE_CURVE('',#1354,#1354,#350,.T.);
#1658=EDGE_CURVE('',#1354,#1349,#919,.T.);
#1659=EDGE_CURVE('',#1353,#1348,#920,.T.);
#1660=EDGE_CURVE('',#1352,#1347,#921,.T.);
#1661=EDGE_CURVE('',#1351,#1346,#922,.T.);
#1662=EDGE_CURVE('',#1350,#1345,#923,.T.);
#1663=EDGE_CURVE('',#1355,#1356,#924,.T.);
#1664=EDGE_CURVE('',#1357,#1356,#925,.T.);
#1665=EDGE_CURVE('',#1358,#1357,#926,.T.);
#1666=EDGE_CURVE('',#1358,#1355,#927,.T.);
#1667=EDGE_CURVE('',#1356,#1359,#928,.T.);
#1668=EDGE_CURVE('',#1360,#1359,#929,.T.);
#1669=EDGE_CURVE('',#1357,#1360,#930,.T.);
#1670=EDGE_CURVE('',#1359,#1361,#931,.T.);
#1671=EDGE_CURVE('',#1362,#1361,#932,.T.);
#1672=EDGE_CURVE('',#1360,#1362,#933,.T.);
#1673=EDGE_CURVE('',#1361,#1355,#934,.T.);
#1674=EDGE_CURVE('',#1362,#1358,#935,.T.);
#1675=EDGE_CURVE('',#1363,#1364,#936,.T.);
#1676=EDGE_CURVE('',#1365,#1364,#937,.T.);
#1677=EDGE_CURVE('',#1366,#1365,#938,.T.);
#1678=EDGE_CURVE('',#1366,#1363,#939,.T.);
#1679=EDGE_CURVE('',#1364,#1367,#940,.T.);
#1680=EDGE_CURVE('',#1368,#1367,#941,.T.);
#1681=EDGE_CURVE('',#1365,#1368,#942,.T.);
#1682=EDGE_CURVE('',#1367,#1369,#943,.T.);
#1683=EDGE_CURVE('',#1370,#1369,#944,.T.);
#1684=EDGE_CURVE('',#1368,#1370,#945,.T.);
#1685=EDGE_CURVE('',#1369,#1363,#946,.T.);
#1686=EDGE_CURVE('',#1370,#1366,#947,.T.);
#1687=EDGE_CURVE('',#1371,#1371,#351,.T.);
#1688=EDGE_CURVE('',#1372,#1372,#352,.T.);
#1689=EDGE_CURVE('',#1373,#1373,#353,.T.);
#1690=EDGE_CURVE('',#1374,#1374,#354,.T.);
#1691=EDGE_CURVE('',#1375,#1375,#355,.T.);
#1692=EDGE_CURVE('',#1376,#1376,#356,.T.);
#1693=EDGE_CURVE('',#1377,#1377,#357,.T.);
#1694=EDGE_CURVE('',#1378,#1378,#358,.T.);
#1695=EDGE_CURVE('',#1378,#1374,#948,.T.);
#1696=EDGE_CURVE('',#1377,#1373,#949,.T.);
#1697=EDGE_CURVE('',#1376,#1372,#950,.T.);
#1698=EDGE_CURVE('',#1375,#1371,#951,.T.);
#1699=EDGE_CURVE('',#1379,#1380,#952,.T.);
#1700=EDGE_CURVE('',#1380,#1381,#953,.T.);
#1701=EDGE_CURVE('',#1381,#1382,#954,.T.);
#1702=EDGE_CURVE('',#1382,#1379,#955,.T.);
#1703=EDGE_CURVE('',#1383,#1383,#359,.T.);
#1704=EDGE_CURVE('',#1384,#1384,#360,.T.);
#1705=EDGE_CURVE('',#1385,#1385,#361,.T.);
#1706=EDGE_CURVE('',#1386,#1386,#362,.T.);
#1707=EDGE_CURVE('',#1387,#1387,#363,.T.);
#1708=EDGE_CURVE('',#1388,#1388,#364,.T.);
#1709=EDGE_CURVE('',#1389,#1389,#365,.T.);
#1710=EDGE_CURVE('',#1390,#1390,#366,.T.);
#1711=EDGE_CURVE('',#1391,#1391,#367,.T.);
#1712=EDGE_CURVE('',#1392,#1392,#368,.T.);
#1713=EDGE_CURVE('',#1392,#1393,#956,.T.);
#1714=EDGE_CURVE('',#1393,#1393,#369,.F.);
#1715=EDGE_CURVE('',#1394,#1394,#370,.T.);
#1716=EDGE_CURVE('',#1394,#1395,#957,.T.);
#1717=EDGE_CURVE('',#1395,#1395,#371,.F.);
#1718=EDGE_CURVE('',#1396,#1396,#372,.T.);
#1719=EDGE_CURVE('',#1396,#1397,#958,.T.);
#1720=EDGE_CURVE('',#1397,#1397,#373,.F.);
#1721=EDGE_CURVE('',#1398,#1398,#374,.T.);
#1722=EDGE_CURVE('',#1398,#1399,#959,.T.);
#1723=EDGE_CURVE('',#1399,#1399,#375,.F.);
#1724=EDGE_CURVE('',#1400,#1400,#376,.T.);
#1725=EDGE_CURVE('',#1400,#1401,#960,.T.);
#1726=EDGE_CURVE('',#1401,#1401,#377,.F.);
#1727=EDGE_CURVE('',#1402,#1403,#961,.T.);
#1728=EDGE_CURVE('',#1380,#1403,#962,.T.);
#1729=EDGE_CURVE('',#1379,#1402,#963,.T.);
#1730=EDGE_CURVE('',#1404,#1404,#378,.T.);
#1731=EDGE_CURVE('',#1403,#1405,#964,.T.);
#1732=EDGE_CURVE('',#1381,#1405,#965,.T.);
#1733=EDGE_CURVE('',#1405,#1406,#966,.T.);
#1734=EDGE_CURVE('',#1382,#1406,#967,.T.);
#1735=EDGE_CURVE('',#1406,#1402,#968,.T.);
#1736=EDGE_CURVE('',#1407,#1407,#379,.T.);
#1737=EDGE_CURVE('',#1408,#1408,#380,.T.);
#1738=EDGE_CURVE('',#1409,#1409,#381,.T.);
#1739=EDGE_CURVE('',#1410,#1410,#382,.T.);
#1740=EDGE_CURVE('',#1411,#1411,#383,.T.);
#1741=EDGE_CURVE('',#1411,#1383,#969,.T.);
#1742=EDGE_CURVE('',#1412,#1413,#39,.T.);
#1743=EDGE_CURVE('',#1413,#1412,#40,.T.);
#1744=EDGE_CURVE('',#1413,#1404,#970,.T.);
#1745=EDGE_CURVE('',#1414,#1414,#384,.T.);
#1746=EDGE_CURVE('',#1414,#1384,#971,.T.);
#1747=EDGE_CURVE('',#1415,#1415,#385,.T.);
#1748=EDGE_CURVE('',#1415,#1385,#972,.T.);
#1749=EDGE_CURVE('',#1416,#1416,#386,.T.);
#1750=EDGE_CURVE('',#1416,#1386,#973,.T.);
#1751=EDGE_CURVE('',#1417,#1417,#387,.T.);
#1752=EDGE_CURVE('',#1417,#1387,#974,.T.);
#1753=EDGE_CURVE('',#1410,#1388,#975,.T.);
#1754=EDGE_CURVE('',#1409,#1389,#976,.T.);
#1755=EDGE_CURVE('',#1408,#1390,#977,.T.);
#1756=EDGE_CURVE('',#1407,#1391,#978,.T.);
#1757=ORIENTED_EDGE('',*,*,#1418,.T.);
#1758=ORIENTED_EDGE('',*,*,#1419,.F.);
#1759=ORIENTED_EDGE('',*,*,#1420,.F.);
#1760=ORIENTED_EDGE('',*,*,#1421,.T.);
#1761=ORIENTED_EDGE('',*,*,#1422,.F.);
#1762=ORIENTED_EDGE('',*,*,#1423,.F.);
#1763=ORIENTED_EDGE('',*,*,#1424,.F.);
#1764=ORIENTED_EDGE('',*,*,#1425,.F.);
#1765=ORIENTED_EDGE('',*,*,#1426,.F.);
#1766=ORIENTED_EDGE('',*,*,#1427,.F.);
#1767=ORIENTED_EDGE('',*,*,#1428,.F.);
#1768=ORIENTED_EDGE('',*,*,#1429,.F.);
#1769=ORIENTED_EDGE('',*,*,#1430,.F.);
#1770=ORIENTED_EDGE('',*,*,#1431,.T.);
#1771=ORIENTED_EDGE('',*,*,#1432,.T.);
#1772=ORIENTED_EDGE('',*,*,#1433,.F.);
#1773=ORIENTED_EDGE('',*,*,#1434,.T.);
#1774=ORIENTED_EDGE('',*,*,#1435,.F.);
#1775=ORIENTED_EDGE('',*,*,#1436,.F.);
#1776=ORIENTED_EDGE('',*,*,#1419,.T.);
#1777=ORIENTED_EDGE('',*,*,#1437,.F.);
#1778=ORIENTED_EDGE('',*,*,#1438,.F.);
#1779=ORIENTED_EDGE('',*,*,#1439,.F.);
#1780=ORIENTED_EDGE('',*,*,#1440,.F.);
#1781=ORIENTED_EDGE('',*,*,#1441,.T.);
#1782=ORIENTED_EDGE('',*,*,#1442,.F.);
#1783=ORIENTED_EDGE('',*,*,#1443,.F.);
#1784=ORIENTED_EDGE('',*,*,#1435,.T.);
#1785=ORIENTED_EDGE('',*,*,#1444,.F.);
#1786=ORIENTED_EDGE('',*,*,#1445,.F.);
#1787=ORIENTED_EDGE('',*,*,#1446,.F.);
#1788=ORIENTED_EDGE('',*,*,#1447,.F.);
#1789=ORIENTED_EDGE('',*,*,#1448,.F.);
#1790=ORIENTED_EDGE('',*,*,#1449,.F.);
#1791=ORIENTED_EDGE('',*,*,#1450,.F.);
#1792=ORIENTED_EDGE('',*,*,#1451,.F.);
#1793=ORIENTED_EDGE('',*,*,#1452,.F.);
#1794=ORIENTED_EDGE('',*,*,#1453,.F.);
#1795=ORIENTED_EDGE('',*,*,#1454,.T.);
#1796=ORIENTED_EDGE('',*,*,#1455,.T.);
#1797=ORIENTED_EDGE('',*,*,#1456,.T.);
#1798=ORIENTED_EDGE('',*,*,#1421,.F.);
#1799=ORIENTED_EDGE('',*,*,#1457,.F.);
#1800=ORIENTED_EDGE('',*,*,#1442,.T.);
#1801=ORIENTED_EDGE('',*,*,#1458,.F.);
#1802=ORIENTED_EDGE('',*,*,#1459,.F.);
#1803=ORIENTED_EDGE('',*,*,#1460,.F.);
#1804=ORIENTED_EDGE('',*,*,#1461,.F.);
#1805=ORIENTED_EDGE('',*,*,#1462,.F.);
#1806=ORIENTED_EDGE('',*,*,#1420,.T.);
#1807=ORIENTED_EDGE('',*,*,#1436,.T.);
#1808=ORIENTED_EDGE('',*,*,#1443,.T.);
#1809=ORIENTED_EDGE('',*,*,#1457,.T.);
#1810=ORIENTED_EDGE('',*,*,#1463,.F.);
#1811=ORIENTED_EDGE('',*,*,#1464,.F.);
#1812=ORIENTED_EDGE('',*,*,#1465,.F.);
#1813=ORIENTED_EDGE('',*,*,#1466,.F.);
#1814=ORIENTED_EDGE('',*,*,#1467,.F.);
#1815=ORIENTED_EDGE('',*,*,#1418,.F.);
#1816=ORIENTED_EDGE('',*,*,#1456,.F.);
#1817=ORIENTED_EDGE('',*,*,#1441,.F.);
#1818=ORIENTED_EDGE('',*,*,#1434,.F.);
#1819=ORIENTED_EDGE('',*,*,#1468,.F.);
#1820=ORIENTED_EDGE('',*,*,#1469,.F.);
#1821=ORIENTED_EDGE('',*,*,#1470,.F.);
#1822=ORIENTED_EDGE('',*,*,#1471,.F.);
#1823=ORIENTED_EDGE('',*,*,#1472,.T.);
#1824=ORIENTED_EDGE('',*,*,#1472,.F.);
#1825=ORIENTED_EDGE('',*,*,#1473,.T.);
#1826=ORIENTED_EDGE('',*,*,#1474,.T.);
#1827=ORIENTED_EDGE('',*,*,#1475,.F.);
#1828=ORIENTED_EDGE('',*,*,#1476,.F.);
#1829=ORIENTED_EDGE('',*,*,#1477,.T.);
#1830=ORIENTED_EDGE('',*,*,#1467,.T.);
#1831=ORIENTED_EDGE('',*,*,#1477,.F.);
#1832=ORIENTED_EDGE('',*,*,#1478,.F.);
#1833=ORIENTED_EDGE('',*,*,#1479,.T.);
#1834=ORIENTED_EDGE('',*,*,#1480,.T.);
#1835=ORIENTED_EDGE('',*,*,#1481,.T.);
#1836=ORIENTED_EDGE('',*,*,#1482,.F.);
#1837=ORIENTED_EDGE('',*,*,#1483,.F.);
#1838=ORIENTED_EDGE('',*,*,#1484,.T.);
#1839=ORIENTED_EDGE('',*,*,#1485,.T.);
#1840=ORIENTED_EDGE('',*,*,#1486,.T.);
#1841=ORIENTED_EDGE('',*,*,#1487,.T.);
#1842=ORIENTED_EDGE('',*,*,#1488,.T.);
#1843=ORIENTED_EDGE('',*,*,#1473,.F.);
#1844=ORIENTED_EDGE('',*,*,#1489,.T.);
#1845=ORIENTED_EDGE('',*,*,#1490,.T.);
#1846=ORIENTED_EDGE('',*,*,#1489,.F.);
#1847=ORIENTED_EDGE('',*,*,#1490,.F.);
#1848=ORIENTED_EDGE('',*,*,#1491,.T.);
#1849=ORIENTED_EDGE('',*,*,#1466,.T.);
#1850=ORIENTED_EDGE('',*,*,#1491,.F.);
#1851=ORIENTED_EDGE('',*,*,#1492,.T.);
#1852=ORIENTED_EDGE('',*,*,#1493,.T.);
#1853=ORIENTED_EDGE('',*,*,#1492,.F.);
#1854=ORIENTED_EDGE('',*,*,#1493,.F.);
#1855=ORIENTED_EDGE('',*,*,#1494,.T.);
#1856=ORIENTED_EDGE('',*,*,#1465,.T.);
#1857=ORIENTED_EDGE('',*,*,#1494,.F.);
#1858=ORIENTED_EDGE('',*,*,#1495,.T.);
#1859=ORIENTED_EDGE('',*,*,#1496,.T.);
#1860=ORIENTED_EDGE('',*,*,#1495,.F.);
#1861=ORIENTED_EDGE('',*,*,#1496,.F.);
#1862=ORIENTED_EDGE('',*,*,#1497,.T.);
#1863=ORIENTED_EDGE('',*,*,#1464,.T.);
#1864=ORIENTED_EDGE('',*,*,#1497,.F.);
#1865=ORIENTED_EDGE('',*,*,#1498,.T.);
#1866=ORIENTED_EDGE('',*,*,#1499,.T.);
#1867=ORIENTED_EDGE('',*,*,#1498,.F.);
#1868=ORIENTED_EDGE('',*,*,#1499,.F.);
#1869=ORIENTED_EDGE('',*,*,#1500,.T.);
#1870=ORIENTED_EDGE('',*,*,#1463,.T.);
#1871=ORIENTED_EDGE('',*,*,#1500,.F.);
#1872=ORIENTED_EDGE('',*,*,#1501,.T.);
#1873=ORIENTED_EDGE('',*,*,#1502,.T.);
#1874=ORIENTED_EDGE('',*,*,#1501,.F.);
#1875=ORIENTED_EDGE('',*,*,#1502,.F.);
#1876=ORIENTED_EDGE('',*,*,#1503,.T.);
#1877=ORIENTED_EDGE('',*,*,#1471,.T.);
#1878=ORIENTED_EDGE('',*,*,#1503,.F.);
#1879=ORIENTED_EDGE('',*,*,#1504,.T.);
#1880=ORIENTED_EDGE('',*,*,#1505,.T.);
#1881=ORIENTED_EDGE('',*,*,#1504,.F.);
#1882=ORIENTED_EDGE('',*,*,#1505,.F.);
#1883=ORIENTED_EDGE('',*,*,#1506,.T.);
#1884=ORIENTED_EDGE('',*,*,#1470,.T.);
#1885=ORIENTED_EDGE('',*,*,#1506,.F.);
#1886=ORIENTED_EDGE('',*,*,#1507,.T.);
#1887=ORIENTED_EDGE('',*,*,#1508,.T.);
#1888=ORIENTED_EDGE('',*,*,#1507,.F.);
#1889=ORIENTED_EDGE('',*,*,#1508,.F.);
#1890=ORIENTED_EDGE('',*,*,#1509,.T.);
#1891=ORIENTED_EDGE('',*,*,#1469,.T.);
#1892=ORIENTED_EDGE('',*,*,#1509,.F.);
#1893=ORIENTED_EDGE('',*,*,#1510,.T.);
#1894=ORIENTED_EDGE('',*,*,#1511,.T.);
#1895=ORIENTED_EDGE('',*,*,#1510,.F.);
#1896=ORIENTED_EDGE('',*,*,#1511,.F.);
#1897=ORIENTED_EDGE('',*,*,#1512,.T.);
#1898=ORIENTED_EDGE('',*,*,#1468,.T.);
#1899=ORIENTED_EDGE('',*,*,#1512,.F.);
#1900=ORIENTED_EDGE('',*,*,#1513,.T.);
#1901=ORIENTED_EDGE('',*,*,#1514,.T.);
#1902=ORIENTED_EDGE('',*,*,#1513,.F.);
#1903=ORIENTED_EDGE('',*,*,#1514,.F.);
#1904=ORIENTED_EDGE('',*,*,#1515,.T.);
#1905=ORIENTED_EDGE('',*,*,#1440,.T.);
#1906=ORIENTED_EDGE('',*,*,#1515,.F.);
#1907=ORIENTED_EDGE('',*,*,#1516,.T.);
#1908=ORIENTED_EDGE('',*,*,#1517,.T.);
#1909=ORIENTED_EDGE('',*,*,#1516,.F.);
#1910=ORIENTED_EDGE('',*,*,#1517,.F.);
#1911=ORIENTED_EDGE('',*,*,#1518,.T.);
#1912=ORIENTED_EDGE('',*,*,#1439,.T.);
#1913=ORIENTED_EDGE('',*,*,#1518,.F.);
#1914=ORIENTED_EDGE('',*,*,#1519,.T.);
#1915=ORIENTED_EDGE('',*,*,#1520,.T.);
#1916=ORIENTED_EDGE('',*,*,#1519,.F.);
#1917=ORIENTED_EDGE('',*,*,#1520,.F.);
#1918=ORIENTED_EDGE('',*,*,#1521,.T.);
#1919=ORIENTED_EDGE('',*,*,#1438,.T.);
#1920=ORIENTED_EDGE('',*,*,#1521,.F.);
#1921=ORIENTED_EDGE('',*,*,#1522,.T.);
#1922=ORIENTED_EDGE('',*,*,#1523,.T.);
#1923=ORIENTED_EDGE('',*,*,#1522,.F.);
#1924=ORIENTED_EDGE('',*,*,#1523,.F.);
#1925=ORIENTED_EDGE('',*,*,#1524,.T.);
#1926=ORIENTED_EDGE('',*,*,#1437,.T.);
#1927=ORIENTED_EDGE('',*,*,#1524,.F.);
#1928=ORIENTED_EDGE('',*,*,#1525,.T.);
#1929=ORIENTED_EDGE('',*,*,#1526,.T.);
#1930=ORIENTED_EDGE('',*,*,#1462,.T.);
#1931=ORIENTED_EDGE('',*,*,#1526,.F.);
#1932=ORIENTED_EDGE('',*,*,#1527,.T.);
#1933=ORIENTED_EDGE('',*,*,#1480,.F.);
#1934=ORIENTED_EDGE('',*,*,#1528,.T.);
#1935=ORIENTED_EDGE('',*,*,#1486,.F.);
#1936=ORIENTED_EDGE('',*,*,#1529,.F.);
#1937=ORIENTED_EDGE('',*,*,#1432,.F.);
#1938=ORIENTED_EDGE('',*,*,#1530,.T.);
#1939=ORIENTED_EDGE('',*,*,#1487,.F.);
#1940=ORIENTED_EDGE('',*,*,#1528,.F.);
#1941=ORIENTED_EDGE('',*,*,#1479,.F.);
#1942=ORIENTED_EDGE('',*,*,#1478,.T.);
#1943=ORIENTED_EDGE('',*,*,#1476,.T.);
#1944=ORIENTED_EDGE('',*,*,#1531,.F.);
#1945=ORIENTED_EDGE('',*,*,#1433,.T.);
#1946=ORIENTED_EDGE('',*,*,#1529,.T.);
#1947=ORIENTED_EDGE('',*,*,#1475,.T.);
#1948=ORIENTED_EDGE('',*,*,#1532,.F.);
#1949=ORIENTED_EDGE('',*,*,#1430,.T.);
#1950=ORIENTED_EDGE('',*,*,#1531,.T.);
#1951=ORIENTED_EDGE('',*,*,#1530,.F.);
#1952=ORIENTED_EDGE('',*,*,#1431,.F.);
#1953=ORIENTED_EDGE('',*,*,#1532,.T.);
#1954=ORIENTED_EDGE('',*,*,#1474,.F.);
#1955=ORIENTED_EDGE('',*,*,#1488,.F.);
#1956=ORIENTED_EDGE('',*,*,#1533,.T.);
#1957=ORIENTED_EDGE('',*,*,#1453,.T.);
#1958=ORIENTED_EDGE('',*,*,#1534,.F.);
#1959=ORIENTED_EDGE('',*,*,#1484,.F.);
#1960=ORIENTED_EDGE('',*,*,#1483,.T.);
#1961=ORIENTED_EDGE('',*,*,#1535,.T.);
#1962=ORIENTED_EDGE('',*,*,#1454,.F.);
#1963=ORIENTED_EDGE('',*,*,#1533,.F.);
#1964=ORIENTED_EDGE('',*,*,#1482,.T.);
#1965=ORIENTED_EDGE('',*,*,#1536,.T.);
#1966=ORIENTED_EDGE('',*,*,#1455,.F.);
#1967=ORIENTED_EDGE('',*,*,#1535,.F.);
#1968=ORIENTED_EDGE('',*,*,#1534,.T.);
#1969=ORIENTED_EDGE('',*,*,#1452,.T.);
#1970=ORIENTED_EDGE('',*,*,#1536,.F.);
#1971=ORIENTED_EDGE('',*,*,#1481,.F.);
#1972=ORIENTED_EDGE('',*,*,#1527,.F.);
#1973=ORIENTED_EDGE('',*,*,#1525,.F.);
#1974=ORIENTED_EDGE('',*,*,#1485,.F.);
#1975=ORIENTED_EDGE('',*,*,#1537,.T.);
#1976=ORIENTED_EDGE('',*,*,#1538,.T.);
#1977=ORIENTED_EDGE('',*,*,#1537,.F.);
#1978=ORIENTED_EDGE('',*,*,#1538,.F.);
#1979=ORIENTED_EDGE('',*,*,#1539,.T.);
#1980=ORIENTED_EDGE('',*,*,#1451,.T.);
#1981=ORIENTED_EDGE('',*,*,#1539,.F.);
#1982=ORIENTED_EDGE('',*,*,#1540,.T.);
#1983=ORIENTED_EDGE('',*,*,#1541,.T.);
#1984=ORIENTED_EDGE('',*,*,#1540,.F.);
#1985=ORIENTED_EDGE('',*,*,#1541,.F.);
#1986=ORIENTED_EDGE('',*,*,#1542,.T.);
#1987=ORIENTED_EDGE('',*,*,#1450,.T.);
#1988=ORIENTED_EDGE('',*,*,#1542,.F.);
#1989=ORIENTED_EDGE('',*,*,#1543,.T.);
#1990=ORIENTED_EDGE('',*,*,#1544,.T.);
#1991=ORIENTED_EDGE('',*,*,#1543,.F.);
#1992=ORIENTED_EDGE('',*,*,#1544,.F.);
#1993=ORIENTED_EDGE('',*,*,#1545,.T.);
#1994=ORIENTED_EDGE('',*,*,#1449,.T.);
#1995=ORIENTED_EDGE('',*,*,#1545,.F.);
#1996=ORIENTED_EDGE('',*,*,#1546,.T.);
#1997=ORIENTED_EDGE('',*,*,#1547,.T.);
#1998=ORIENTED_EDGE('',*,*,#1546,.F.);
#1999=ORIENTED_EDGE('',*,*,#1547,.F.);
#2000=ORIENTED_EDGE('',*,*,#1548,.T.);
#2001=ORIENTED_EDGE('',*,*,#1448,.T.);
#2002=ORIENTED_EDGE('',*,*,#1548,.F.);
#2003=ORIENTED_EDGE('',*,*,#1549,.T.);
#2004=ORIENTED_EDGE('',*,*,#1550,.T.);
#2005=ORIENTED_EDGE('',*,*,#1549,.F.);
#2006=ORIENTED_EDGE('',*,*,#1550,.F.);
#2007=ORIENTED_EDGE('',*,*,#1551,.T.);
#2008=ORIENTED_EDGE('',*,*,#1429,.T.);
#2009=ORIENTED_EDGE('',*,*,#1551,.F.);
#2010=ORIENTED_EDGE('',*,*,#1552,.T.);
#2011=ORIENTED_EDGE('',*,*,#1553,.T.);
#2012=ORIENTED_EDGE('',*,*,#1552,.F.);
#2013=ORIENTED_EDGE('',*,*,#1553,.F.);
#2014=ORIENTED_EDGE('',*,*,#1554,.T.);
#2015=ORIENTED_EDGE('',*,*,#1428,.T.);
#2016=ORIENTED_EDGE('',*,*,#1554,.F.);
#2017=ORIENTED_EDGE('',*,*,#1555,.T.);
#2018=ORIENTED_EDGE('',*,*,#1556,.T.);
#2019=ORIENTED_EDGE('',*,*,#1555,.F.);
#2020=ORIENTED_EDGE('',*,*,#1556,.F.);
#2021=ORIENTED_EDGE('',*,*,#1557,.T.);
#2022=ORIENTED_EDGE('',*,*,#1427,.T.);
#2023=ORIENTED_EDGE('',*,*,#1557,.F.);
#2024=ORIENTED_EDGE('',*,*,#1558,.T.);
#2025=ORIENTED_EDGE('',*,*,#1559,.T.);
#2026=ORIENTED_EDGE('',*,*,#1558,.F.);
#2027=ORIENTED_EDGE('',*,*,#1559,.F.);
#2028=ORIENTED_EDGE('',*,*,#1560,.T.);
#2029=ORIENTED_EDGE('',*,*,#1426,.T.);
#2030=ORIENTED_EDGE('',*,*,#1560,.F.);
#2031=ORIENTED_EDGE('',*,*,#1561,.T.);
#2032=ORIENTED_EDGE('',*,*,#1562,.T.);
#2033=ORIENTED_EDGE('',*,*,#1561,.F.);
#2034=ORIENTED_EDGE('',*,*,#1562,.F.);
#2035=ORIENTED_EDGE('',*,*,#1563,.T.);
#2036=ORIENTED_EDGE('',*,*,#1461,.T.);
#2037=ORIENTED_EDGE('',*,*,#1563,.F.);
#2038=ORIENTED_EDGE('',*,*,#1564,.T.);
#2039=ORIENTED_EDGE('',*,*,#1565,.T.);
#2040=ORIENTED_EDGE('',*,*,#1564,.F.);
#2041=ORIENTED_EDGE('',*,*,#1565,.F.);
#2042=ORIENTED_EDGE('',*,*,#1566,.T.);
#2043=ORIENTED_EDGE('',*,*,#1460,.T.);
#2044=ORIENTED_EDGE('',*,*,#1566,.F.);
#2045=ORIENTED_EDGE('',*,*,#1567,.T.);
#2046=ORIENTED_EDGE('',*,*,#1568,.T.);
#2047=ORIENTED_EDGE('',*,*,#1567,.F.);
#2048=ORIENTED_EDGE('',*,*,#1568,.F.);
#2049=ORIENTED_EDGE('',*,*,#1569,.T.);
#2050=ORIENTED_EDGE('',*,*,#1459,.T.);
#2051=ORIENTED_EDGE('',*,*,#1569,.F.);
#2052=ORIENTED_EDGE('',*,*,#1570,.T.);
#2053=ORIENTED_EDGE('',*,*,#1571,.T.);
#2054=ORIENTED_EDGE('',*,*,#1570,.F.);
#2055=ORIENTED_EDGE('',*,*,#1571,.F.);
#2056=ORIENTED_EDGE('',*,*,#1572,.T.);
#2057=ORIENTED_EDGE('',*,*,#1458,.T.);
#2058=ORIENTED_EDGE('',*,*,#1572,.F.);
#2059=ORIENTED_EDGE('',*,*,#1573,.T.);
#2060=ORIENTED_EDGE('',*,*,#1574,.T.);
#2061=ORIENTED_EDGE('',*,*,#1573,.F.);
#2062=ORIENTED_EDGE('',*,*,#1574,.F.);
#2063=ORIENTED_EDGE('',*,*,#1575,.T.);
#2064=ORIENTED_EDGE('',*,*,#1425,.T.);
#2065=ORIENTED_EDGE('',*,*,#1575,.F.);
#2066=ORIENTED_EDGE('',*,*,#1576,.T.);
#2067=ORIENTED_EDGE('',*,*,#1577,.T.);
#2068=ORIENTED_EDGE('',*,*,#1576,.F.);
#2069=ORIENTED_EDGE('',*,*,#1577,.F.);
#2070=ORIENTED_EDGE('',*,*,#1578,.T.);
#2071=ORIENTED_EDGE('',*,*,#1424,.T.);
#2072=ORIENTED_EDGE('',*,*,#1578,.F.);
#2073=ORIENTED_EDGE('',*,*,#1579,.T.);
#2074=ORIENTED_EDGE('',*,*,#1580,.T.);
#2075=ORIENTED_EDGE('',*,*,#1579,.F.);
#2076=ORIENTED_EDGE('',*,*,#1580,.F.);
#2077=ORIENTED_EDGE('',*,*,#1581,.T.);
#2078=ORIENTED_EDGE('',*,*,#1423,.T.);
#2079=ORIENTED_EDGE('',*,*,#1581,.F.);
#2080=ORIENTED_EDGE('',*,*,#1582,.T.);
#2081=ORIENTED_EDGE('',*,*,#1583,.T.);
#2082=ORIENTED_EDGE('',*,*,#1582,.F.);
#2083=ORIENTED_EDGE('',*,*,#1583,.F.);
#2084=ORIENTED_EDGE('',*,*,#1584,.T.);
#2085=ORIENTED_EDGE('',*,*,#1422,.T.);
#2086=ORIENTED_EDGE('',*,*,#1584,.F.);
#2087=ORIENTED_EDGE('',*,*,#1585,.T.);
#2088=ORIENTED_EDGE('',*,*,#1586,.T.);
#2089=ORIENTED_EDGE('',*,*,#1585,.F.);
#2090=ORIENTED_EDGE('',*,*,#1586,.F.);
#2091=ORIENTED_EDGE('',*,*,#1587,.T.);
#2092=ORIENTED_EDGE('',*,*,#1447,.T.);
#2093=ORIENTED_EDGE('',*,*,#1587,.F.);
#2094=ORIENTED_EDGE('',*,*,#1588,.T.);
#2095=ORIENTED_EDGE('',*,*,#1589,.T.);
#2096=ORIENTED_EDGE('',*,*,#1588,.F.);
#2097=ORIENTED_EDGE('',*,*,#1589,.F.);
#2098=ORIENTED_EDGE('',*,*,#1590,.T.);
#2099=ORIENTED_EDGE('',*,*,#1446,.T.);
#2100=ORIENTED_EDGE('',*,*,#1590,.F.);
#2101=ORIENTED_EDGE('',*,*,#1591,.T.);
#2102=ORIENTED_EDGE('',*,*,#1592,.T.);
#2103=ORIENTED_EDGE('',*,*,#1591,.F.);
#2104=ORIENTED_EDGE('',*,*,#1592,.F.);
#2105=ORIENTED_EDGE('',*,*,#1593,.T.);
#2106=ORIENTED_EDGE('',*,*,#1445,.T.);
#2107=ORIENTED_EDGE('',*,*,#1593,.F.);
#2108=ORIENTED_EDGE('',*,*,#1594,.T.);
#2109=ORIENTED_EDGE('',*,*,#1595,.T.);
#2110=ORIENTED_EDGE('',*,*,#1594,.F.);
#2111=ORIENTED_EDGE('',*,*,#1595,.F.);
#2112=ORIENTED_EDGE('',*,*,#1596,.T.);
#2113=ORIENTED_EDGE('',*,*,#1444,.T.);
#2114=ORIENTED_EDGE('',*,*,#1596,.F.);
#2115=ORIENTED_EDGE('',*,*,#1597,.F.);
#2116=ORIENTED_EDGE('',*,*,#1598,.F.);
#2117=ORIENTED_EDGE('',*,*,#1599,.T.);
#2118=ORIENTED_EDGE('',*,*,#1600,.T.);
#2119=ORIENTED_EDGE('',*,*,#1601,.T.);
#2120=ORIENTED_EDGE('',*,*,#1602,.F.);
#2121=ORIENTED_EDGE('',*,*,#1603,.F.);
#2122=ORIENTED_EDGE('',*,*,#1598,.T.);
#2123=ORIENTED_EDGE('',*,*,#1604,.T.);
#2124=ORIENTED_EDGE('',*,*,#1605,.F.);
#2125=ORIENTED_EDGE('',*,*,#1606,.F.);
#2126=ORIENTED_EDGE('',*,*,#1602,.T.);
#2127=ORIENTED_EDGE('',*,*,#1607,.F.);
#2128=ORIENTED_EDGE('',*,*,#1600,.F.);
#2129=ORIENTED_EDGE('',*,*,#1608,.T.);
#2130=ORIENTED_EDGE('',*,*,#1605,.T.);
#2131=ORIENTED_EDGE('',*,*,#1599,.F.);
#2132=ORIENTED_EDGE('',*,*,#1603,.T.);
#2133=ORIENTED_EDGE('',*,*,#1606,.T.);
#2134=ORIENTED_EDGE('',*,*,#1608,.F.);
#2135=ORIENTED_EDGE('',*,*,#1609,.F.);
#2136=ORIENTED_EDGE('',*,*,#1610,.F.);
#2137=ORIENTED_EDGE('',*,*,#1611,.F.);
#2138=ORIENTED_EDGE('',*,*,#1612,.F.);
#2139=ORIENTED_EDGE('',*,*,#1613,.F.);
#2140=ORIENTED_EDGE('',*,*,#1614,.F.);
#2141=ORIENTED_EDGE('',*,*,#1615,.F.);
#2142=ORIENTED_EDGE('',*,*,#1616,.F.);
#2143=ORIENTED_EDGE('',*,*,#1597,.T.);
#2144=ORIENTED_EDGE('',*,*,#1607,.T.);
#2145=ORIENTED_EDGE('',*,*,#1604,.F.);
#2146=ORIENTED_EDGE('',*,*,#1601,.F.);
#2147=ORIENTED_EDGE('',*,*,#1617,.T.);
#2148=ORIENTED_EDGE('',*,*,#1618,.T.);
#2149=ORIENTED_EDGE('',*,*,#1619,.T.);
#2150=ORIENTED_EDGE('',*,*,#1620,.T.);
#2151=ORIENTED_EDGE('',*,*,#1621,.T.);
#2152=ORIENTED_EDGE('',*,*,#1622,.T.);
#2153=ORIENTED_EDGE('',*,*,#1623,.T.);
#2154=ORIENTED_EDGE('',*,*,#1624,.T.);
#2155=ORIENTED_EDGE('',*,*,#1614,.T.);
#2156=ORIENTED_EDGE('',*,*,#1625,.F.);
#2157=ORIENTED_EDGE('',*,*,#1621,.F.);
#2158=ORIENTED_EDGE('',*,*,#1626,.T.);
#2159=ORIENTED_EDGE('',*,*,#1615,.T.);
#2160=ORIENTED_EDGE('',*,*,#1626,.F.);
#2161=ORIENTED_EDGE('',*,*,#1624,.F.);
#2162=ORIENTED_EDGE('',*,*,#1627,.T.);
#2163=ORIENTED_EDGE('',*,*,#1616,.T.);
#2164=ORIENTED_EDGE('',*,*,#1627,.F.);
#2165=ORIENTED_EDGE('',*,*,#1623,.F.);
#2166=ORIENTED_EDGE('',*,*,#1628,.T.);
#2167=ORIENTED_EDGE('',*,*,#1613,.T.);
#2168=ORIENTED_EDGE('',*,*,#1628,.F.);
#2169=ORIENTED_EDGE('',*,*,#1622,.F.);
#2170=ORIENTED_EDGE('',*,*,#1625,.T.);
#2171=ORIENTED_EDGE('',*,*,#1620,.F.);
#2172=ORIENTED_EDGE('',*,*,#1629,.T.);
#2173=ORIENTED_EDGE('',*,*,#1612,.T.);
#2174=ORIENTED_EDGE('',*,*,#1629,.F.);
#2175=ORIENTED_EDGE('',*,*,#1619,.F.);
#2176=ORIENTED_EDGE('',*,*,#1630,.T.);
#2177=ORIENTED_EDGE('',*,*,#1611,.T.);
#2178=ORIENTED_EDGE('',*,*,#1630,.F.);
#2179=ORIENTED_EDGE('',*,*,#1618,.F.);
#2180=ORIENTED_EDGE('',*,*,#1631,.T.);
#2181=ORIENTED_EDGE('',*,*,#1610,.T.);
#2182=ORIENTED_EDGE('',*,*,#1631,.F.);
#2183=ORIENTED_EDGE('',*,*,#1617,.F.);
#2184=ORIENTED_EDGE('',*,*,#1632,.T.);
#2185=ORIENTED_EDGE('',*,*,#1609,.T.);
#2186=ORIENTED_EDGE('',*,*,#1632,.F.);
#2187=ORIENTED_EDGE('',*,*,#1633,.F.);
#2188=ORIENTED_EDGE('',*,*,#1634,.T.);
#2189=ORIENTED_EDGE('',*,*,#1635,.F.);
#2190=ORIENTED_EDGE('',*,*,#1634,.F.);
#2191=ORIENTED_EDGE('',*,*,#1636,.T.);
#2192=ORIENTED_EDGE('',*,*,#1637,.F.);
#2193=ORIENTED_EDGE('',*,*,#1638,.F.);
#2194=ORIENTED_EDGE('',*,*,#1639,.T.);
#2195=ORIENTED_EDGE('',*,*,#1640,.T.);
#2196=ORIENTED_EDGE('',*,*,#1641,.F.);
#2197=ORIENTED_EDGE('',*,*,#1642,.F.);
#2198=ORIENTED_EDGE('',*,*,#1637,.T.);
#2199=ORIENTED_EDGE('',*,*,#1643,.T.);
#2200=ORIENTED_EDGE('',*,*,#1644,.F.);
#2201=ORIENTED_EDGE('',*,*,#1645,.F.);
#2202=ORIENTED_EDGE('',*,*,#1641,.T.);
#2203=ORIENTED_EDGE('',*,*,#1646,.T.);
#2204=ORIENTED_EDGE('',*,*,#1639,.F.);
#2205=ORIENTED_EDGE('',*,*,#1647,.F.);
#2206=ORIENTED_EDGE('',*,*,#1644,.T.);
#2207=ORIENTED_EDGE('',*,*,#1638,.T.);
#2208=ORIENTED_EDGE('',*,*,#1642,.T.);
#2209=ORIENTED_EDGE('',*,*,#1645,.T.);
#2210=ORIENTED_EDGE('',*,*,#1647,.T.);
#2211=ORIENTED_EDGE('',*,*,#1648,.F.);
#2212=ORIENTED_EDGE('',*,*,#1649,.F.);
#2213=ORIENTED_EDGE('',*,*,#1650,.F.);
#2214=ORIENTED_EDGE('',*,*,#1651,.F.);
#2215=ORIENTED_EDGE('',*,*,#1652,.F.);
#2216=ORIENTED_EDGE('',*,*,#1636,.F.);
#2217=ORIENTED_EDGE('',*,*,#1646,.F.);
#2218=ORIENTED_EDGE('',*,*,#1643,.F.);
#2219=ORIENTED_EDGE('',*,*,#1640,.F.);
#2220=ORIENTED_EDGE('',*,*,#1653,.T.);
#2221=ORIENTED_EDGE('',*,*,#1654,.T.);
#2222=ORIENTED_EDGE('',*,*,#1655,.T.);
#2223=ORIENTED_EDGE('',*,*,#1656,.T.);
#2224=ORIENTED_EDGE('',*,*,#1633,.T.);
#2225=ORIENTED_EDGE('',*,*,#1657,.T.);
#2226=ORIENTED_EDGE('',*,*,#1635,.T.);
#2227=ORIENTED_EDGE('',*,*,#1657,.F.);
#2228=ORIENTED_EDGE('',*,*,#1658,.T.);
#2229=ORIENTED_EDGE('',*,*,#1652,.T.);
#2230=ORIENTED_EDGE('',*,*,#1658,.F.);
#2231=ORIENTED_EDGE('',*,*,#1656,.F.);
#2232=ORIENTED_EDGE('',*,*,#1659,.T.);
#2233=ORIENTED_EDGE('',*,*,#1651,.T.);
#2234=ORIENTED_EDGE('',*,*,#1659,.F.);
#2235=ORIENTED_EDGE('',*,*,#1655,.F.);
#2236=ORIENTED_EDGE('',*,*,#1660,.T.);
#2237=ORIENTED_EDGE('',*,*,#1650,.T.);
#2238=ORIENTED_EDGE('',*,*,#1660,.F.);
#2239=ORIENTED_EDGE('',*,*,#1654,.F.);
#2240=ORIENTED_EDGE('',*,*,#1661,.T.);
#2241=ORIENTED_EDGE('',*,*,#1649,.T.);
#2242=ORIENTED_EDGE('',*,*,#1661,.F.);
#2243=ORIENTED_EDGE('',*,*,#1653,.F.);
#2244=ORIENTED_EDGE('',*,*,#1662,.T.);
#2245=ORIENTED_EDGE('',*,*,#1648,.T.);
#2246=ORIENTED_EDGE('',*,*,#1662,.F.);
#2247=ORIENTED_EDGE('',*,*,#1663,.T.);
#2248=ORIENTED_EDGE('',*,*,#1664,.F.);
#2249=ORIENTED_EDGE('',*,*,#1665,.F.);
#2250=ORIENTED_EDGE('',*,*,#1666,.T.);
#2251=ORIENTED_EDGE('',*,*,#1667,.T.);
#2252=ORIENTED_EDGE('',*,*,#1668,.F.);
#2253=ORIENTED_EDGE('',*,*,#1669,.F.);
#2254=ORIENTED_EDGE('',*,*,#1664,.T.);
#2255=ORIENTED_EDGE('',*,*,#1670,.T.);
#2256=ORIENTED_EDGE('',*,*,#1671,.F.);
#2257=ORIENTED_EDGE('',*,*,#1672,.F.);
#2258=ORIENTED_EDGE('',*,*,#1668,.T.);
#2259=ORIENTED_EDGE('',*,*,#1673,.T.);
#2260=ORIENTED_EDGE('',*,*,#1666,.F.);
#2261=ORIENTED_EDGE('',*,*,#1674,.F.);
#2262=ORIENTED_EDGE('',*,*,#1671,.T.);
#2263=ORIENTED_EDGE('',*,*,#1665,.T.);
#2264=ORIENTED_EDGE('',*,*,#1669,.T.);
#2265=ORIENTED_EDGE('',*,*,#1672,.T.);
#2266=ORIENTED_EDGE('',*,*,#1674,.T.);
#2267=ORIENTED_EDGE('',*,*,#1663,.F.);
#2268=ORIENTED_EDGE('',*,*,#1673,.F.);
#2269=ORIENTED_EDGE('',*,*,#1670,.F.);
#2270=ORIENTED_EDGE('',*,*,#1667,.F.);
#2271=ORIENTED_EDGE('',*,*,#1675,.T.);
#2272=ORIENTED_EDGE('',*,*,#1676,.F.);
#2273=ORIENTED_EDGE('',*,*,#1677,.F.);
#2274=ORIENTED_EDGE('',*,*,#1678,.T.);
#2275=ORIENTED_EDGE('',*,*,#1679,.T.);
#2276=ORIENTED_EDGE('',*,*,#1680,.F.);
#2277=ORIENTED_EDGE('',*,*,#1681,.F.);
#2278=ORIENTED_EDGE('',*,*,#1676,.T.);
#2279=ORIENTED_EDGE('',*,*,#1682,.T.);
#2280=ORIENTED_EDGE('',*,*,#1683,.F.);
#2281=ORIENTED_EDGE('',*,*,#1684,.F.);
#2282=ORIENTED_EDGE('',*,*,#1680,.T.);
#2283=ORIENTED_EDGE('',*,*,#1685,.T.);
#2284=ORIENTED_EDGE('',*,*,#1678,.F.);
#2285=ORIENTED_EDGE('',*,*,#1686,.F.);
#2286=ORIENTED_EDGE('',*,*,#1683,.T.);
#2287=ORIENTED_EDGE('',*,*,#1677,.T.);
#2288=ORIENTED_EDGE('',*,*,#1681,.T.);
#2289=ORIENTED_EDGE('',*,*,#1684,.T.);
#2290=ORIENTED_EDGE('',*,*,#1686,.T.);
#2291=ORIENTED_EDGE('',*,*,#1687,.F.);
#2292=ORIENTED_EDGE('',*,*,#1688,.F.);
#2293=ORIENTED_EDGE('',*,*,#1689,.F.);
#2294=ORIENTED_EDGE('',*,*,#1690,.F.);
#2295=ORIENTED_EDGE('',*,*,#1675,.F.);
#2296=ORIENTED_EDGE('',*,*,#1685,.F.);
#2297=ORIENTED_EDGE('',*,*,#1682,.F.);
#2298=ORIENTED_EDGE('',*,*,#1679,.F.);
#2299=ORIENTED_EDGE('',*,*,#1691,.T.);
#2300=ORIENTED_EDGE('',*,*,#1692,.T.);
#2301=ORIENTED_EDGE('',*,*,#1693,.T.);
#2302=ORIENTED_EDGE('',*,*,#1694,.T.);
#2303=ORIENTED_EDGE('',*,*,#1694,.F.);
#2304=ORIENTED_EDGE('',*,*,#1695,.T.);
#2305=ORIENTED_EDGE('',*,*,#1690,.T.);
#2306=ORIENTED_EDGE('',*,*,#1695,.F.);
#2307=ORIENTED_EDGE('',*,*,#1693,.F.);
#2308=ORIENTED_EDGE('',*,*,#1696,.T.);
#2309=ORIENTED_EDGE('',*,*,#1689,.T.);
#2310=ORIENTED_EDGE('',*,*,#1696,.F.);
#2311=ORIENTED_EDGE('',*,*,#1692,.F.);
#2312=ORIENTED_EDGE('',*,*,#1697,.T.);
#2313=ORIENTED_EDGE('',*,*,#1688,.T.);
#2314=ORIENTED_EDGE('',*,*,#1697,.F.);
#2315=ORIENTED_EDGE('',*,*,#1691,.F.);
#2316=ORIENTED_EDGE('',*,*,#1698,.T.);
#2317=ORIENTED_EDGE('',*,*,#1687,.T.);
#2318=ORIENTED_EDGE('',*,*,#1698,.F.);
#2319=ORIENTED_EDGE('',*,*,#1699,.T.);
#2320=ORIENTED_EDGE('',*,*,#1700,.T.);
#2321=ORIENTED_EDGE('',*,*,#1701,.T.);
#2322=ORIENTED_EDGE('',*,*,#1702,.T.);
#2323=ORIENTED_EDGE('',*,*,#1703,.F.);
#2324=ORIENTED_EDGE('',*,*,#1704,.F.);
#2325=ORIENTED_EDGE('',*,*,#1705,.F.);
#2326=ORIENTED_EDGE('',*,*,#1706,.F.);
#2327=ORIENTED_EDGE('',*,*,#1707,.F.);
#2328=ORIENTED_EDGE('',*,*,#1708,.F.);
#2329=ORIENTED_EDGE('',*,*,#1709,.F.);
#2330=ORIENTED_EDGE('',*,*,#1710,.F.);
#2331=ORIENTED_EDGE('',*,*,#1711,.F.);
#2332=ORIENTED_EDGE('',*,*,#1712,.F.);
#2333=ORIENTED_EDGE('',*,*,#1713,.T.);
#2334=ORIENTED_EDGE('',*,*,#1714,.F.);
#2335=ORIENTED_EDGE('',*,*,#1713,.F.);
#2336=ORIENTED_EDGE('',*,*,#1715,.F.);
#2337=ORIENTED_EDGE('',*,*,#1716,.T.);
#2338=ORIENTED_EDGE('',*,*,#1717,.F.);
#2339=ORIENTED_EDGE('',*,*,#1716,.F.);
#2340=ORIENTED_EDGE('',*,*,#1718,.F.);
#2341=ORIENTED_EDGE('',*,*,#1719,.T.);
#2342=ORIENTED_EDGE('',*,*,#1720,.F.);
#2343=ORIENTED_EDGE('',*,*,#1719,.F.);
#2344=ORIENTED_EDGE('',*,*,#1721,.F.);
#2345=ORIENTED_EDGE('',*,*,#1722,.T.);
#2346=ORIENTED_EDGE('',*,*,#1723,.F.);
#2347=ORIENTED_EDGE('',*,*,#1722,.F.);
#2348=ORIENTED_EDGE('',*,*,#1724,.F.);
#2349=ORIENTED_EDGE('',*,*,#1725,.T.);
#2350=ORIENTED_EDGE('',*,*,#1726,.F.);
#2351=ORIENTED_EDGE('',*,*,#1725,.F.);
#2352=ORIENTED_EDGE('',*,*,#1727,.T.);
#2353=ORIENTED_EDGE('',*,*,#1728,.F.);
#2354=ORIENTED_EDGE('',*,*,#1699,.F.);
#2355=ORIENTED_EDGE('',*,*,#1729,.T.);
#2356=ORIENTED_EDGE('',*,*,#1730,.F.);
#2357=ORIENTED_EDGE('',*,*,#1731,.T.);
#2358=ORIENTED_EDGE('',*,*,#1732,.F.);
#2359=ORIENTED_EDGE('',*,*,#1700,.F.);
#2360=ORIENTED_EDGE('',*,*,#1728,.T.);
#2361=ORIENTED_EDGE('',*,*,#1733,.T.);
#2362=ORIENTED_EDGE('',*,*,#1734,.F.);
#2363=ORIENTED_EDGE('',*,*,#1701,.F.);
#2364=ORIENTED_EDGE('',*,*,#1732,.T.);
#2365=ORIENTED_EDGE('',*,*,#1735,.T.);
#2366=ORIENTED_EDGE('',*,*,#1729,.F.);
#2367=ORIENTED_EDGE('',*,*,#1702,.F.);
#2368=ORIENTED_EDGE('',*,*,#1734,.T.);
#2369=ORIENTED_EDGE('',*,*,#1727,.F.);
#2370=ORIENTED_EDGE('',*,*,#1735,.F.);
#2371=ORIENTED_EDGE('',*,*,#1733,.F.);
#2372=ORIENTED_EDGE('',*,*,#1731,.F.);
#2373=ORIENTED_EDGE('',*,*,#1736,.T.);
#2374=ORIENTED_EDGE('',*,*,#1737,.T.);
#2375=ORIENTED_EDGE('',*,*,#1738,.T.);
#2376=ORIENTED_EDGE('',*,*,#1739,.T.);
#2377=ORIENTED_EDGE('',*,*,#1712,.T.);
#2378=ORIENTED_EDGE('',*,*,#1715,.T.);
#2379=ORIENTED_EDGE('',*,*,#1718,.T.);
#2380=ORIENTED_EDGE('',*,*,#1721,.T.);
#2381=ORIENTED_EDGE('',*,*,#1724,.T.);
#2382=ORIENTED_EDGE('',*,*,#1740,.T.);
#2383=ORIENTED_EDGE('',*,*,#1726,.T.);
#2384=ORIENTED_EDGE('',*,*,#1740,.F.);
#2385=ORIENTED_EDGE('',*,*,#1741,.T.);
#2386=ORIENTED_EDGE('',*,*,#1703,.T.);
#2387=ORIENTED_EDGE('',*,*,#1741,.F.);
#2388=ORIENTED_EDGE('',*,*,#1742,.T.);
#2389=ORIENTED_EDGE('',*,*,#1743,.T.);
#2390=ORIENTED_EDGE('',*,*,#1742,.F.);
#2391=ORIENTED_EDGE('',*,*,#1743,.F.);
#2392=ORIENTED_EDGE('',*,*,#1744,.T.);
#2393=ORIENTED_EDGE('',*,*,#1730,.T.);
#2394=ORIENTED_EDGE('',*,*,#1744,.F.);
#2395=ORIENTED_EDGE('',*,*,#1745,.T.);
#2396=ORIENTED_EDGE('',*,*,#1723,.T.);
#2397=ORIENTED_EDGE('',*,*,#1745,.F.);
#2398=ORIENTED_EDGE('',*,*,#1746,.T.);
#2399=ORIENTED_EDGE('',*,*,#1704,.T.);
#2400=ORIENTED_EDGE('',*,*,#1746,.F.);
#2401=ORIENTED_EDGE('',*,*,#1747,.T.);
#2402=ORIENTED_EDGE('',*,*,#1720,.T.);
#2403=ORIENTED_EDGE('',*,*,#1747,.F.);
#2404=ORIENTED_EDGE('',*,*,#1748,.T.);
#2405=ORIENTED_EDGE('',*,*,#1705,.T.);
#2406=ORIENTED_EDGE('',*,*,#1748,.F.);
#2407=ORIENTED_EDGE('',*,*,#1749,.T.);
#2408=ORIENTED_EDGE('',*,*,#1717,.T.);
#2409=ORIENTED_EDGE('',*,*,#1749,.F.);
#2410=ORIENTED_EDGE('',*,*,#1750,.T.);
#2411=ORIENTED_EDGE('',*,*,#1706,.T.);
#2412=ORIENTED_EDGE('',*,*,#1750,.F.);
#2413=ORIENTED_EDGE('',*,*,#1751,.T.);
#2414=ORIENTED_EDGE('',*,*,#1714,.T.);
#2415=ORIENTED_EDGE('',*,*,#1751,.F.);
#2416=ORIENTED_EDGE('',*,*,#1752,.T.);
#2417=ORIENTED_EDGE('',*,*,#1707,.T.);
#2418=ORIENTED_EDGE('',*,*,#1752,.F.);
#2419=ORIENTED_EDGE('',*,*,#1739,.F.);
#2420=ORIENTED_EDGE('',*,*,#1753,.T.);
#2421=ORIENTED_EDGE('',*,*,#1708,.T.);
#2422=ORIENTED_EDGE('',*,*,#1753,.F.);
#2423=ORIENTED_EDGE('',*,*,#1738,.F.);
#2424=ORIENTED_EDGE('',*,*,#1754,.T.);
#2425=ORIENTED_EDGE('',*,*,#1709,.T.);
#2426=ORIENTED_EDGE('',*,*,#1754,.F.);
#2427=ORIENTED_EDGE('',*,*,#1737,.F.);
#2428=ORIENTED_EDGE('',*,*,#1755,.T.);
#2429=ORIENTED_EDGE('',*,*,#1710,.T.);
#2430=ORIENTED_EDGE('',*,*,#1755,.F.);
#2431=ORIENTED_EDGE('',*,*,#1736,.F.);
#2432=ORIENTED_EDGE('',*,*,#1756,.T.);
#2433=ORIENTED_EDGE('',*,*,#1711,.T.);
#2434=ORIENTED_EDGE('',*,*,#1756,.F.);
#2435=PLANE('',#2829);
#2436=PLANE('',#2838);
#2437=PLANE('',#2843);
#2438=PLANE('',#2852);
#2439=PLANE('',#2858);
#2440=PLANE('',#2864);
#2441=PLANE('',#2919);
#2442=PLANE('',#2920);
#2443=PLANE('',#2921);
#2444=PLANE('',#2922);
#2445=PLANE('',#2923);
#2446=PLANE('',#2924);
#2447=PLANE('',#2925);
#2448=PLANE('',#2926);
#2449=PLANE('',#2988);
#2450=PLANE('',#2989);
#2451=PLANE('',#2990);
#2452=PLANE('',#2991);
#2453=PLANE('',#2992);
#2454=PLANE('',#2997);
#2455=PLANE('',#3002);
#2456=PLANE('',#3003);
#2457=PLANE('',#3004);
#2458=PLANE('',#3005);
#2459=PLANE('',#3014);
#2460=PLANE('',#3015);
#2461=PLANE('',#3016);
#2462=PLANE('',#3017);
#2463=PLANE('',#3018);
#2464=PLANE('',#3024);
#2465=PLANE('',#3029);
#2466=PLANE('',#3037);
#2467=PLANE('',#3038);
#2468=PLANE('',#3039);
#2469=PLANE('',#3040);
#2470=PLANE('',#3041);
#2471=PLANE('',#3042);
#2472=PLANE('',#3044);
#2473=PLANE('',#3045);
#2474=PLANE('',#3046);
#2475=PLANE('',#3047);
#2476=PLANE('',#3048);
#2477=PLANE('',#3053);
#2478=PLANE('',#3063);
#2479=PLANE('',#3088);
#2480=PLANE('',#3090);
#2481=PLANE('',#3091);
#2482=PLANE('',#3092);
#2483=PLANE('',#3093);
#2484=PLANE('',#3098);
#2485=PLANE('',#3102);
#2486=PLANE('',#3105);
#2487=PLANE('',#3108);
#2488=PLANE('',#3111);
#2489=ADVANCED_FACE('',(#388,#164,#165,#166,#167,#168,#169,#170,#171,#172),
#2435,.F.);
#2490=ADVANCED_FACE('',(#389,#173,#174,#175,#176),#2436,.F.);
#2491=ADVANCED_FACE('',(#390,#177,#178,#179,#180,#181,#182,#183,#184,#185),
#2437,.F.);
#2492=ADVANCED_FACE('',(#391,#186,#187,#188,#189,#190),#2438,.F.);
#2493=ADVANCED_FACE('',(#392,#191,#192,#193,#194,#195),#2439,.T.);
#2494=ADVANCED_FACE('',(#393,#196,#197,#198,#199,#200),#2440,.F.);
#2495=ADVANCED_FACE('',(#394),#101,.F.);
#2496=ADVANCED_FACE('',(#395),#67,.F.);
#2497=ADVANCED_FACE('',(#396),#102,.F.);
#2498=ADVANCED_FACE('',(#397),#68,.F.);
#2499=ADVANCED_FACE('',(#398),#103,.F.);
#2500=ADVANCED_FACE('',(#399),#69,.F.);
#2501=ADVANCED_FACE('',(#400),#104,.F.);
#2502=ADVANCED_FACE('',(#401),#70,.F.);
#2503=ADVANCED_FACE('',(#402),#105,.F.);
#2504=ADVANCED_FACE('',(#403),#71,.F.);
#2505=ADVANCED_FACE('',(#404),#106,.F.);
#2506=ADVANCED_FACE('',(#405),#72,.F.);
#2507=ADVANCED_FACE('',(#406),#107,.F.);
#2508=ADVANCED_FACE('',(#407),#73,.F.);
#2509=ADVANCED_FACE('',(#408),#108,.F.);
#2510=ADVANCED_FACE('',(#409),#74,.F.);
#2511=ADVANCED_FACE('',(#410),#109,.F.);
#2512=ADVANCED_FACE('',(#411),#75,.F.);
#2513=ADVANCED_FACE('',(#412),#110,.F.);
#2514=ADVANCED_FACE('',(#413),#76,.F.);
#2515=ADVANCED_FACE('',(#414),#111,.F.);
#2516=ADVANCED_FACE('',(#415),#77,.F.);
#2517=ADVANCED_FACE('',(#416),#112,.F.);
#2518=ADVANCED_FACE('',(#417),#78,.F.);
#2519=ADVANCED_FACE('',(#418),#113,.F.);
#2520=ADVANCED_FACE('',(#419),#114,.F.);
#2521=ADVANCED_FACE('',(#420),#2441,.F.);
#2522=ADVANCED_FACE('',(#421),#2442,.T.);
#2523=ADVANCED_FACE('',(#422),#2443,.T.);
#2524=ADVANCED_FACE('',(#423),#2444,.F.);
#2525=ADVANCED_FACE('',(#424),#2445,.F.);
#2526=ADVANCED_FACE('',(#425),#2446,.T.);
#2527=ADVANCED_FACE('',(#426),#2447,.T.);
#2528=ADVANCED_FACE('',(#427),#2448,.F.);
#2529=ADVANCED_FACE('',(#428),#79,.F.);
#2530=ADVANCED_FACE('',(#429),#115,.F.);
#2531=ADVANCED_FACE('',(#430),#80,.F.);
#2532=ADVANCED_FACE('',(#431),#116,.F.);
#2533=ADVANCED_FACE('',(#432),#81,.F.);
#2534=ADVANCED_FACE('',(#433),#117,.F.);
#2535=ADVANCED_FACE('',(#434),#82,.F.);
#2536=ADVANCED_FACE('',(#435),#118,.F.);
#2537=ADVANCED_FACE('',(#436),#83,.F.);
#2538=ADVANCED_FACE('',(#437),#119,.F.);
#2539=ADVANCED_FACE('',(#438),#84,.F.);
#2540=ADVANCED_FACE('',(#439),#120,.F.);
#2541=ADVANCED_FACE('',(#440),#85,.F.);
#2542=ADVANCED_FACE('',(#441),#121,.F.);
#2543=ADVANCED_FACE('',(#442),#86,.F.);
#2544=ADVANCED_FACE('',(#443),#122,.F.);
#2545=ADVANCED_FACE('',(#444),#87,.F.);
#2546=ADVANCED_FACE('',(#445),#123,.F.);
#2547=ADVANCED_FACE('',(#446),#88,.F.);
#2548=ADVANCED_FACE('',(#447),#124,.F.);
#2549=ADVANCED_FACE('',(#448),#89,.F.);
#2550=ADVANCED_FACE('',(#449),#125,.F.);
#2551=ADVANCED_FACE('',(#450),#90,.F.);
#2552=ADVANCED_FACE('',(#451),#126,.F.);
#2553=ADVANCED_FACE('',(#452),#91,.F.);
#2554=ADVANCED_FACE('',(#453),#127,.F.);
#2555=ADVANCED_FACE('',(#454),#92,.F.);
#2556=ADVANCED_FACE('',(#455),#128,.F.);
#2557=ADVANCED_FACE('',(#456),#93,.F.);
#2558=ADVANCED_FACE('',(#457),#129,.F.);
#2559=ADVANCED_FACE('',(#458),#94,.F.);
#2560=ADVANCED_FACE('',(#459),#130,.F.);
#2561=ADVANCED_FACE('',(#460),#95,.F.);
#2562=ADVANCED_FACE('',(#461),#131,.F.);
#2563=ADVANCED_FACE('',(#462),#96,.F.);
#2564=ADVANCED_FACE('',(#463),#132,.F.);
#2565=ADVANCED_FACE('',(#464),#97,.F.);
#2566=ADVANCED_FACE('',(#465),#133,.F.);
#2567=ADVANCED_FACE('',(#466),#98,.F.);
#2568=ADVANCED_FACE('',(#467),#134,.F.);
#2569=ADVANCED_FACE('',(#468),#2449,.T.);
#2570=ADVANCED_FACE('',(#469),#2450,.F.);
#2571=ADVANCED_FACE('',(#470),#2451,.F.);
#2572=ADVANCED_FACE('',(#471),#2452,.T.);
#2573=ADVANCED_FACE('',(#472,#201,#202,#203,#204,#205),#2453,.F.);
#2574=ADVANCED_FACE('',(#473,#206,#207,#208,#209,#210),#2454,.T.);
#2575=ADVANCED_FACE('',(#474),#2455,.F.);
#2576=ADVANCED_FACE('',(#475),#2456,.F.);
#2577=ADVANCED_FACE('',(#476),#2457,.F.);
#2578=ADVANCED_FACE('',(#477),#2458,.F.);
#2579=ADVANCED_FACE('',(#478),#135,.F.);
#2580=ADVANCED_FACE('',(#479),#136,.F.);
#2581=ADVANCED_FACE('',(#480),#137,.F.);
#2582=ADVANCED_FACE('',(#481),#138,.F.);
#2583=ADVANCED_FACE('',(#482),#139,.F.);
#2584=ADVANCED_FACE('',(#483),#2459,.F.);
#2585=ADVANCED_FACE('',(#484),#2460,.F.);
#2586=ADVANCED_FACE('',(#485),#2461,.F.);
#2587=ADVANCED_FACE('',(#486),#2462,.F.);
#2588=ADVANCED_FACE('',(#487,#211,#212,#213,#214,#215),#2463,.F.);
#2589=ADVANCED_FACE('',(#488,#216,#217,#218,#219,#220),#2464,.T.);
#2590=ADVANCED_FACE('',(#489,#221),#2465,.T.);
#2591=ADVANCED_FACE('',(#490),#140,.F.);
#2592=ADVANCED_FACE('',(#491),#141,.F.);
#2593=ADVANCED_FACE('',(#492),#142,.F.);
#2594=ADVANCED_FACE('',(#493),#143,.F.);
#2595=ADVANCED_FACE('',(#494),#144,.F.);
#2596=ADVANCED_FACE('',(#495),#2466,.F.);
#2597=ADVANCED_FACE('',(#496),#2467,.F.);
#2598=ADVANCED_FACE('',(#497),#2468,.F.);
#2599=ADVANCED_FACE('',(#498),#2469,.F.);
#2600=ADVANCED_FACE('',(#499),#2470,.F.);
#2601=ADVANCED_FACE('',(#500),#2471,.T.);
#2602=ADVANCED_FACE('',(#501),#2472,.F.);
#2603=ADVANCED_FACE('',(#502),#2473,.F.);
#2604=ADVANCED_FACE('',(#503),#2474,.F.);
#2605=ADVANCED_FACE('',(#504),#2475,.F.);
#2606=ADVANCED_FACE('',(#505,#222,#223,#224,#225),#2476,.T.);
#2607=ADVANCED_FACE('',(#506,#226,#227,#228,#229),#2477,.F.);
#2608=ADVANCED_FACE('',(#507),#145,.F.);
#2609=ADVANCED_FACE('',(#508),#146,.F.);
#2610=ADVANCED_FACE('',(#509),#147,.F.);
#2611=ADVANCED_FACE('',(#510),#148,.F.);
#2612=ADVANCED_FACE('',(#511,#230,#231,#232,#233,#234,#235,#236,#237,#238),
#2478,.F.);
#2613=ADVANCED_FACE('',(#512),#149,.F.);
#2614=ADVANCED_FACE('',(#513),#150,.F.);
#2615=ADVANCED_FACE('',(#514),#151,.F.);
#2616=ADVANCED_FACE('',(#515),#152,.F.);
#2617=ADVANCED_FACE('',(#516),#153,.F.);
#2618=ADVANCED_FACE('',(#517,#239),#2479,.F.);
#2619=ADVANCED_FACE('',(#518),#2480,.F.);
#2620=ADVANCED_FACE('',(#519),#2481,.F.);
#2621=ADVANCED_FACE('',(#520),#2482,.F.);
#2622=ADVANCED_FACE('',(#521,#240,#241,#242,#243,#244,#245,#246,#247,#248),
#2483,.T.);
#2623=ADVANCED_FACE('',(#522,#249),#2484,.T.);
#2624=ADVANCED_FACE('',(#523,#250),#154,.F.);
#2625=ADVANCED_FACE('',(#524),#155,.F.);
#2626=ADVANCED_FACE('',(#525,#251),#2485,.T.);
#2627=ADVANCED_FACE('',(#526),#156,.F.);
#2628=ADVANCED_FACE('',(#527,#252),#2486,.T.);
#2629=ADVANCED_FACE('',(#528),#157,.F.);
#2630=ADVANCED_FACE('',(#529,#253),#2487,.T.);
#2631=ADVANCED_FACE('',(#530),#158,.F.);
#2632=ADVANCED_FACE('',(#531,#254),#2488,.T.);
#2633=ADVANCED_FACE('',(#532),#159,.F.);
#2634=ADVANCED_FACE('',(#533),#160,.F.);
#2635=ADVANCED_FACE('',(#534),#161,.F.);
#2636=ADVANCED_FACE('',(#535),#162,.F.);
#2637=ADVANCED_FACE('',(#536),#163,.F.);
#2638=CLOSED_SHELL('',(#2489,#2490,#2491,#2492,#2493,#2494,#2495,#2496,
#2497,#2498,#2499,#2500,#2501,#2502,#2503,#2504,#2505,#2506,#2507,#2508,
#2509,#2510,#2511,#2512,#2513,#2514,#2515,#2516,#2517,#2518,#2519,#2520,
#2521,#2522,#2523,#2524,#2525,#2526,#2527,#2528,#2529,#2530,#2531,#2532,
#2533,#2534,#2535,#2536,#2537,#2538,#2539,#2540,#2541,#2542,#2543,#2544,
#2545,#2546,#2547,#2548,#2549,#2550,#2551,#2552,#2553,#2554,#2555,#2556,
#2557,#2558,#2559,#2560,#2561,#2562,#2563,#2564,#2565,#2566,#2567,#2568));
#2639=CLOSED_SHELL('',(#2569,#2570,#2571,#2572,#2573,#2574,#2575,#2576,
#2577,#2578,#2579,#2580,#2581,#2582));
#2640=CLOSED_SHELL('',(#2583,#2584,#2585,#2586,#2587,#2588,#2589,#2590,
#2591,#2592,#2593,#2594,#2595));
#2641=CLOSED_SHELL('',(#2596,#2597,#2598,#2599,#2600,#2601));
#2642=CLOSED_SHELL('',(#2602,#2603,#2604,#2605,#2606,#2607,#2608,#2609,
#2610,#2611));
#2643=CLOSED_SHELL('',(#2612,#2613,#2614,#2615,#2616,#2617,#2618,#2619,
#2620,#2621,#2622,#2623,#2624,#2625,#2626,#2627,#2628,#2629,#2630,#2631,
#2632,#2633,#2634,#2635,#2636,#2637));
#2644=DERIVED_UNIT_ELEMENT(#2656,1.);
#2645=DERIVED_UNIT_ELEMENT(#4717,-3.);
#2646=DERIVED_UNIT_ELEMENT(#2656,1.);
#2647=DERIVED_UNIT_ELEMENT(#4717,-3.);
#2648=DERIVED_UNIT_ELEMENT(#2656,1.);
#2649=DERIVED_UNIT_ELEMENT(#4717,-3.);
#2650=DERIVED_UNIT_ELEMENT(#2656,1.);
#2651=DERIVED_UNIT_ELEMENT(#4717,-3.);
#2652=DERIVED_UNIT_ELEMENT(#2656,1.);
#2653=DERIVED_UNIT_ELEMENT(#4717,-3.);
#2654=DERIVED_UNIT_ELEMENT(#2656,1.);
#2655=DERIVED_UNIT_ELEMENT(#4717,-3.);
#2656=(
CONVERSION_BASED_UNIT('gram',#2658)
MASS_UNIT()
NAMED_UNIT(#4714)
);
#2657=(
MASS_UNIT()
NAMED_UNIT(*)
SI_UNIT(.KILO.,.GRAM.)
);
#2658=MASS_MEASURE_WITH_UNIT(MASS_MEASURE(0.001),#2657);
#2659=DERIVED_UNIT((#2644,#2645));
#2660=DERIVED_UNIT((#2646,#2647));
#2661=DERIVED_UNIT((#2648,#2649));
#2662=DERIVED_UNIT((#2650,#2651));
#2663=DERIVED_UNIT((#2652,#2653));
#2664=DERIVED_UNIT((#2654,#2655));
#2665=MEASURE_REPRESENTATION_ITEM('density measure',
POSITIVE_RATIO_MEASURE(8.9),#2659);
#2666=MEASURE_REPRESENTATION_ITEM('density measure',
POSITIVE_RATIO_MEASURE(8.9),#2660);
#2667=MEASURE_REPRESENTATION_ITEM('density measure',
POSITIVE_RATIO_MEASURE(8.9),#2661);
#2668=MEASURE_REPRESENTATION_ITEM('density measure',
POSITIVE_RATIO_MEASURE(2.4576),#2662);
#2669=MEASURE_REPRESENTATION_ITEM('density measure',
POSITIVE_RATIO_MEASURE(8.9),#2663);
#2670=MEASURE_REPRESENTATION_ITEM('density measure',
POSITIVE_RATIO_MEASURE(8.9),#2664);
#2671=PROPERTY_DEFINITION_REPRESENTATION(#2701,#2683);
#2672=PROPERTY_DEFINITION_REPRESENTATION(#2702,#2684);
#2673=PROPERTY_DEFINITION_REPRESENTATION(#2703,#2685);
#2674=PROPERTY_DEFINITION_REPRESENTATION(#2704,#2686);
#2675=PROPERTY_DEFINITION_REPRESENTATION(#2705,#2687);
#2676=PROPERTY_DEFINITION_REPRESENTATION(#2706,#2688);
#2677=PROPERTY_DEFINITION_REPRESENTATION(#2707,#2689);
#2678=PROPERTY_DEFINITION_REPRESENTATION(#2708,#2690);
#2679=PROPERTY_DEFINITION_REPRESENTATION(#2709,#2691);
#2680=PROPERTY_DEFINITION_REPRESENTATION(#2710,#2692);
#2681=PROPERTY_DEFINITION_REPRESENTATION(#2711,#2693);
#2682=PROPERTY_DEFINITION_REPRESENTATION(#2712,#2694);
#2683=REPRESENTATION('material name',(#2695),#4706);
#2684=REPRESENTATION('density',(#2665),#4706);
#2685=REPRESENTATION('material name',(#2696),#4707);
#2686=REPRESENTATION('density',(#2666),#4707);
#2687=REPRESENTATION('material name',(#2697),#4708);
#2688=REPRESENTATION('density',(#2667),#4708);
#2689=REPRESENTATION('material name',(#2698),#4709);
#2690=REPRESENTATION('density',(#2668),#4709);
#2691=REPRESENTATION('material name',(#2699),#4710);
#2692=REPRESENTATION('density',(#2669),#4710);
#2693=REPRESENTATION('material name',(#2700),#4711);
#2694=REPRESENTATION('density',(#2670),#4711);
#2695=DESCRIPTIVE_REPRESENTATION_ITEM('Copper','Copper');
#2696=DESCRIPTIVE_REPRESENTATION_ITEM('Copper','Copper');
#2697=DESCRIPTIVE_REPRESENTATION_ITEM('Copper','Copper');
#2698=DESCRIPTIVE_REPRESENTATION_ITEM('Glass','Glass');
#2699=DESCRIPTIVE_REPRESENTATION_ITEM('Copper','Copper');
#2700=DESCRIPTIVE_REPRESENTATION_ITEM('Copper','Copper');
#2701=PROPERTY_DEFINITION('material property','material name',#4751);
#2702=PROPERTY_DEFINITION('material property','density of part',#4751);
#2703=PROPERTY_DEFINITION('material property','material name',#4752);
#2704=PROPERTY_DEFINITION('material property','density of part',#4752);
#2705=PROPERTY_DEFINITION('material property','material name',#4753);
#2706=PROPERTY_DEFINITION('material property','density of part',#4753);
#2707=PROPERTY_DEFINITION('material property','material name',#4754);
#2708=PROPERTY_DEFINITION('material property','density of part',#4754);
#2709=PROPERTY_DEFINITION('material property','material name',#4755);
#2710=PROPERTY_DEFINITION('material property','density of part',#4755);
#2711=PROPERTY_DEFINITION('material property','material name',#4756);
#2712=PROPERTY_DEFINITION('material property','density of part',#4756);
#2713=PRESENTATION_STYLE_ASSIGNMENT((#2721));
#2714=PRESENTATION_STYLE_ASSIGNMENT((#2722));
#2715=PRESENTATION_STYLE_ASSIGNMENT((#2723));
#2716=PRESENTATION_STYLE_ASSIGNMENT((#2724));
#2717=PRESENTATION_STYLE_ASSIGNMENT((#2725));
#2718=PRESENTATION_STYLE_ASSIGNMENT((#2726));
#2719=PRESENTATION_STYLE_ASSIGNMENT((#2727));
#2720=PRESENTATION_STYLE_ASSIGNMENT((#2728));
#2721=SURFACE_STYLE_USAGE(.BOTH.,#2745);
#2722=SURFACE_STYLE_USAGE(.BOTH.,#2746);
#2723=SURFACE_STYLE_USAGE(.BOTH.,#2747);
#2724=SURFACE_STYLE_USAGE(.BOTH.,#2748);
#2725=SURFACE_STYLE_USAGE(.BOTH.,#2749);
#2726=SURFACE_STYLE_USAGE(.BOTH.,#2750);
#2727=SURFACE_STYLE_USAGE(.BOTH.,#2751);
#2728=SURFACE_STYLE_USAGE(.BOTH.,#2752);
#2729=SURFACE_STYLE_RENDERING_WITH_PROPERTIES($,#2777,(#2737));
#2730=SURFACE_STYLE_RENDERING_WITH_PROPERTIES($,#2778,(#2738));
#2731=SURFACE_STYLE_RENDERING_WITH_PROPERTIES($,#2779,(#2739));
#2732=SURFACE_STYLE_RENDERING_WITH_PROPERTIES($,#2780,(#2740));
#2733=SURFACE_STYLE_RENDERING_WITH_PROPERTIES($,#2781,(#2741));
#2734=SURFACE_STYLE_RENDERING_WITH_PROPERTIES($,#2782,(#2742));
#2735=SURFACE_STYLE_RENDERING_WITH_PROPERTIES($,#2783,(#2743));
#2736=SURFACE_STYLE_RENDERING_WITH_PROPERTIES($,#2784,(#2744));
#2737=SURFACE_STYLE_TRANSPARENT(0.);
#2738=SURFACE_STYLE_TRANSPARENT(0.);
#2739=SURFACE_STYLE_TRANSPARENT(0.);
#2740=SURFACE_STYLE_TRANSPARENT(0.);
#2741=SURFACE_STYLE_TRANSPARENT(0.850000023841858);
#2742=SURFACE_STYLE_TRANSPARENT(0.75);
#2743=SURFACE_STYLE_TRANSPARENT(0.);
#2744=SURFACE_STYLE_TRANSPARENT(0.);
#2745=SURFACE_SIDE_STYLE('',(#2753,#2729));
#2746=SURFACE_SIDE_STYLE('',(#2754,#2730));
#2747=SURFACE_SIDE_STYLE('',(#2755,#2731));
#2748=SURFACE_SIDE_STYLE('',(#2756,#2732));
#2749=SURFACE_SIDE_STYLE('',(#2757,#2733));
#2750=SURFACE_SIDE_STYLE('',(#2758,#2734));
#2751=SURFACE_SIDE_STYLE('',(#2759,#2735));
#2752=SURFACE_SIDE_STYLE('',(#2760,#2736));
#2753=SURFACE_STYLE_FILL_AREA(#2761);
#2754=SURFACE_STYLE_FILL_AREA(#2762);
#2755=SURFACE_STYLE_FILL_AREA(#2763);
#2756=SURFACE_STYLE_FILL_AREA(#2764);
#2757=SURFACE_STYLE_FILL_AREA(#2765);
#2758=SURFACE_STYLE_FILL_AREA(#2766);
#2759=SURFACE_STYLE_FILL_AREA(#2767);
#2760=SURFACE_STYLE_FILL_AREA(#2768);
#2761=FILL_AREA_STYLE('',(#2769));
#2762=FILL_AREA_STYLE('',(#2770));
#2763=FILL_AREA_STYLE('',(#2771));
#2764=FILL_AREA_STYLE('',(#2772));
#2765=FILL_AREA_STYLE('',(#2773));
#2766=FILL_AREA_STYLE('',(#2774));
#2767=FILL_AREA_STYLE('',(#2775));
#2768=FILL_AREA_STYLE('',(#2776));
#2769=FILL_AREA_STYLE_COLOUR('',#2777);
#2770=FILL_AREA_STYLE_COLOUR('',#2778);
#2771=FILL_AREA_STYLE_COLOUR('',#2779);
#2772=FILL_AREA_STYLE_COLOUR('',#2780);
#2773=FILL_AREA_STYLE_COLOUR('',#2781);
#2774=FILL_AREA_STYLE_COLOUR('',#2782);
#2775=FILL_AREA_STYLE_COLOUR('',#2783);
#2776=FILL_AREA_STYLE_COLOUR('',#2784);
#2777=COLOUR_RGB('',0.749019607843137,0.749019607843137,0.749019607843137);
#2778=COLOUR_RGB('',0.83921568627451,0.466666666666667,0.368627450980392);
#2779=COLOUR_RGB('',0.83921568627451,0.466666666666667,0.368627450980392);
#2780=COLOUR_RGB('',0.83921568627451,0.466666666666667,0.368627450980392);
#2781=COLOUR_RGB('',1.,1.,1.);
#2782=COLOUR_RGB('',1.,1.,1.);
#2783=COLOUR_RGB('',0.83921568627451,0.466666666666667,0.368627450980392);
#2784=COLOUR_RGB('',0.83921568627451,0.466666666666667,0.368627450980392);
#2785=DATE_TIME_ROLE('creation_date');
#2786=DATE_TIME_ROLE('creation_date');
#2787=DATE_TIME_ROLE('creation_date');
#2788=DATE_TIME_ROLE('creation_date');
#2789=DATE_TIME_ROLE('creation_date');
#2790=DATE_TIME_ROLE('creation_date');
#2791=DATE_TIME_ROLE('creation_date');
#2792=APPLIED_DATE_AND_TIME_ASSIGNMENT(#2799,#2785,(#4750));
#2793=APPLIED_DATE_AND_TIME_ASSIGNMENT(#2800,#2786,(#4751));
#2794=APPLIED_DATE_AND_TIME_ASSIGNMENT(#2801,#2787,(#4752));
#2795=APPLIED_DATE_AND_TIME_ASSIGNMENT(#2802,#2788,(#4753));
#2796=APPLIED_DATE_AND_TIME_ASSIGNMENT(#2803,#2789,(#4754));
#2797=APPLIED_DATE_AND_TIME_ASSIGNMENT(#2804,#2790,(#4755));
#2798=APPLIED_DATE_AND_TIME_ASSIGNMENT(#2805,#2791,(#4756));
#2799=DATE_AND_TIME(#2806,#2813);
#2800=DATE_AND_TIME(#2807,#2814);
#2801=DATE_AND_TIME(#2808,#2815);
#2802=DATE_AND_TIME(#2809,#2816);
#2803=DATE_AND_TIME(#2810,#2817);
#2804=DATE_AND_TIME(#2811,#2818);
#2805=DATE_AND_TIME(#2812,#2819);
#2806=CALENDAR_DATE(2026,17,8);
#2807=CALENDAR_DATE(2011,16,9);
#2808=CALENDAR_DATE(2026,17,8);
#2809=CALENDAR_DATE(2012,23,4);
#2810=CALENDAR_DATE(2017,2,7);
#2811=CALENDAR_DATE(2026,17,8);
#2812=CALENDAR_DATE(2012,23,4);
#2813=LOCAL_TIME(0,0,0.,#2820);
#2814=LOCAL_TIME(19,56,57.,#2821);
#2815=LOCAL_TIME(0,0,0.,#2822);
#2816=LOCAL_TIME(15,6,52.,#2823);
#2817=LOCAL_TIME(15,36,10.,#2824);
#2818=LOCAL_TIME(0,0,0.,#2825);
#2819=LOCAL_TIME(23,5,46.,#2826);
#2820=COORDINATED_UNIVERSAL_TIME_OFFSET(0,0,.BEHIND.);
#2821=COORDINATED_UNIVERSAL_TIME_OFFSET(0,0,.BEHIND.);
#2822=COORDINATED_UNIVERSAL_TIME_OFFSET(0,0,.BEHIND.);
#2823=COORDINATED_UNIVERSAL_TIME_OFFSET(0,0,.BEHIND.);
#2824=COORDINATED_UNIVERSAL_TIME_OFFSET(0,0,.BEHIND.);
#2825=COORDINATED_UNIVERSAL_TIME_OFFSET(0,0,.BEHIND.);
#2826=COORDINATED_UNIVERSAL_TIME_OFFSET(0,0,.BEHIND.);
#2827=AXIS2_PLACEMENT_3D('',#3923,#3125,#3126);
#2828=AXIS2_PLACEMENT_3D('',#3924,#3127,#3128);
#2829=AXIS2_PLACEMENT_3D('',#3925,#3129,#3130);
#2830=AXIS2_PLACEMENT_3D('',#3935,#3135,#3136);
#2831=AXIS2_PLACEMENT_3D('',#3937,#3137,#3138);
#2832=AXIS2_PLACEMENT_3D('',#3939,#3139,#3140);
#2833=AXIS2_PLACEMENT_3D('',#3941,#3141,#3142);
#2834=AXIS2_PLACEMENT_3D('',#3943,#3143,#3144);
#2835=AXIS2_PLACEMENT_3D('',#3945,#3145,#3146);
#2836=AXIS2_PLACEMENT_3D('',#3947,#3147,#3148);
#2837=AXIS2_PLACEMENT_3D('',#3949,#3149,#3150);
#2838=AXIS2_PLACEMENT_3D('',#3958,#3155,#3156);
#2839=AXIS2_PLACEMENT_3D('',#3965,#3160,#3161);
#2840=AXIS2_PLACEMENT_3D('',#3967,#3162,#3163);
#2841=AXIS2_PLACEMENT_3D('',#3969,#3164,#3165);
#2842=AXIS2_PLACEMENT_3D('',#3971,#3166,#3167);
#2843=AXIS2_PLACEMENT_3D('',#3972,#3168,#3169);
#2844=AXIS2_PLACEMENT_3D('',#3979,#3173,#3174);
#2845=AXIS2_PLACEMENT_3D('',#3981,#3175,#3176);
#2846=AXIS2_PLACEMENT_3D('',#3983,#3177,#3178);
#2847=AXIS2_PLACEMENT_3D('',#3985,#3179,#3180);
#2848=AXIS2_PLACEMENT_3D('',#3987,#3181,#3182);
#2849=AXIS2_PLACEMENT_3D('',#3989,#3183,#3184);
#2850=AXIS2_PLACEMENT_3D('',#3991,#3185,#3186);
#2851=AXIS2_PLACEMENT_3D('',#3993,#3187,#3188);
#2852=AXIS2_PLACEMENT_3D('',#4002,#3193,#3194);
#2853=AXIS2_PLACEMENT_3D('',#4006,#3197,#3198);
#2854=AXIS2_PLACEMENT_3D('',#4008,#3199,#3200);
#2855=AXIS2_PLACEMENT_3D('',#4010,#3201,#3202);
#2856=AXIS2_PLACEMENT_3D('',#4012,#3203,#3204);
#2857=AXIS2_PLACEMENT_3D('',#4014,#3205,#3206);
#2858=AXIS2_PLACEMENT_3D('',#4015,#3207,#3208);
#2859=AXIS2_PLACEMENT_3D('',#4017,#3209,#3210);
#2860=AXIS2_PLACEMENT_3D('',#4019,#3211,#3212);
#2861=AXIS2_PLACEMENT_3D('',#4021,#3213,#3214);
#2862=AXIS2_PLACEMENT_3D('',#4023,#3215,#3216);
#2863=AXIS2_PLACEMENT_3D('',#4025,#3217,#3218);
#2864=AXIS2_PLACEMENT_3D('',#4026,#3219,#3220);
#2865=AXIS2_PLACEMENT_3D('',#4028,#3221,#3222);
#2866=AXIS2_PLACEMENT_3D('',#4030,#3223,#3224);
#2867=AXIS2_PLACEMENT_3D('',#4032,#3225,#3226);
#2868=AXIS2_PLACEMENT_3D('',#4034,#3227,#3228);
#2869=AXIS2_PLACEMENT_3D('',#4036,#3229,#3230);
#2870=AXIS2_PLACEMENT_3D('',#4037,#3231,#3232);
#2871=AXIS2_PLACEMENT_3D('',#4041,#3234,#3235);
#2872=AXIS2_PLACEMENT_3D('',#4045,#3237,#3238);
#2873=AXIS2_PLACEMENT_3D('',#4048,#3240,#3241);
#2874=AXIS2_PLACEMENT_3D('',#4052,#3243,#3244);
#2875=AXIS2_PLACEMENT_3D('',#4056,#3246,#3247);
#2876=AXIS2_PLACEMENT_3D('',#4060,#3249,#3250);
#2877=AXIS2_PLACEMENT_3D('',#4064,#3252,#3253);
#2878=AXIS2_PLACEMENT_3D('',#4067,#3255,#3256);
#2879=AXIS2_PLACEMENT_3D('',#4068,#3257,#3258);
#2880=AXIS2_PLACEMENT_3D('',#4072,#3260,#3261);
#2881=AXIS2_PLACEMENT_3D('',#4073,#3262,#3263);
#2882=AXIS2_PLACEMENT_3D('',#4075,#3265,#3266);
#2883=AXIS2_PLACEMENT_3D('',#4079,#3268,#3269);
#2884=AXIS2_PLACEMENT_3D('',#4080,#3270,#3271);
#2885=AXIS2_PLACEMENT_3D('',#4082,#3273,#3274);
#2886=AXIS2_PLACEMENT_3D('',#4086,#3276,#3277);
#2887=AXIS2_PLACEMENT_3D('',#4087,#3278,#3279);
#2888=AXIS2_PLACEMENT_3D('',#4089,#3281,#3282);
#2889=AXIS2_PLACEMENT_3D('',#4093,#3284,#3285);
#2890=AXIS2_PLACEMENT_3D('',#4094,#3286,#3287);
#2891=AXIS2_PLACEMENT_3D('',#4096,#3289,#3290);
#2892=AXIS2_PLACEMENT_3D('',#4100,#3292,#3293);
#2893=AXIS2_PLACEMENT_3D('',#4101,#3294,#3295);
#2894=AXIS2_PLACEMENT_3D('',#4103,#3297,#3298);
#2895=AXIS2_PLACEMENT_3D('',#4107,#3300,#3301);
#2896=AXIS2_PLACEMENT_3D('',#4108,#3302,#3303);
#2897=AXIS2_PLACEMENT_3D('',#4110,#3305,#3306);
#2898=AXIS2_PLACEMENT_3D('',#4114,#3308,#3309);
#2899=AXIS2_PLACEMENT_3D('',#4115,#3310,#3311);
#2900=AXIS2_PLACEMENT_3D('',#4117,#3313,#3314);
#2901=AXIS2_PLACEMENT_3D('',#4121,#3316,#3317);
#2902=AXIS2_PLACEMENT_3D('',#4122,#3318,#3319);
#2903=AXIS2_PLACEMENT_3D('',#4124,#3321,#3322);
#2904=AXIS2_PLACEMENT_3D('',#4128,#3324,#3325);
#2905=AXIS2_PLACEMENT_3D('',#4129,#3326,#3327);
#2906=AXIS2_PLACEMENT_3D('',#4131,#3329,#3330);
#2907=AXIS2_PLACEMENT_3D('',#4135,#3332,#3333);
#2908=AXIS2_PLACEMENT_3D('',#4136,#3334,#3335);
#2909=AXIS2_PLACEMENT_3D('',#4138,#3337,#3338);
#2910=AXIS2_PLACEMENT_3D('',#4142,#3340,#3341);
#2911=AXIS2_PLACEMENT_3D('',#4143,#3342,#3343);
#2912=AXIS2_PLACEMENT_3D('',#4145,#3345,#3346);
#2913=AXIS2_PLACEMENT_3D('',#4149,#3348,#3349);
#2914=AXIS2_PLACEMENT_3D('',#4150,#3350,#3351);
#2915=AXIS2_PLACEMENT_3D('',#4152,#3353,#3354);
#2916=AXIS2_PLACEMENT_3D('',#4154,#3355,#3356);
#2917=AXIS2_PLACEMENT_3D('',#4156,#3358,#3359);
#2918=AXIS2_PLACEMENT_3D('',#4157,#3360,#3361);
#2919=AXIS2_PLACEMENT_3D('',#4158,#3362,#3363);
#2920=AXIS2_PLACEMENT_3D('',#4161,#3366,#3367);
#2921=AXIS2_PLACEMENT_3D('',#4163,#3369,#3370);
#2922=AXIS2_PLACEMENT_3D('',#4165,#3372,#3373);
#2923=AXIS2_PLACEMENT_3D('',#4166,#3374,#3375);
#2924=AXIS2_PLACEMENT_3D('',#4169,#3378,#3379);
#2925=AXIS2_PLACEMENT_3D('',#4171,#3381,#3382);
#2926=AXIS2_PLACEMENT_3D('',#4173,#3384,#3385);
#2927=AXIS2_PLACEMENT_3D('',#4174,#3386,#3387);
#2928=AXIS2_PLACEMENT_3D('',#4178,#3389,#3390);
#2929=AXIS2_PLACEMENT_3D('',#4179,#3391,#3392);
#2930=AXIS2_PLACEMENT_3D('',#4181,#3394,#3395);
#2931=AXIS2_PLACEMENT_3D('',#4185,#3397,#3398);
#2932=AXIS2_PLACEMENT_3D('',#4186,#3399,#3400);
#2933=AXIS2_PLACEMENT_3D('',#4188,#3402,#3403);
#2934=AXIS2_PLACEMENT_3D('',#4192,#3405,#3406);
#2935=AXIS2_PLACEMENT_3D('',#4193,#3407,#3408);
#2936=AXIS2_PLACEMENT_3D('',#4195,#3410,#3411);
#2937=AXIS2_PLACEMENT_3D('',#4199,#3413,#3414);
#2938=AXIS2_PLACEMENT_3D('',#4200,#3415,#3416);
#2939=AXIS2_PLACEMENT_3D('',#4202,#3418,#3419);
#2940=AXIS2_PLACEMENT_3D('',#4206,#3421,#3422);
#2941=AXIS2_PLACEMENT_3D('',#4207,#3423,#3424);
#2942=AXIS2_PLACEMENT_3D('',#4209,#3426,#3427);
#2943=AXIS2_PLACEMENT_3D('',#4213,#3429,#3430);
#2944=AXIS2_PLACEMENT_3D('',#4214,#3431,#3432);
#2945=AXIS2_PLACEMENT_3D('',#4216,#3434,#3435);
#2946=AXIS2_PLACEMENT_3D('',#4220,#3437,#3438);
#2947=AXIS2_PLACEMENT_3D('',#4221,#3439,#3440);
#2948=AXIS2_PLACEMENT_3D('',#4223,#3442,#3443);
#2949=AXIS2_PLACEMENT_3D('',#4227,#3445,#3446);
#2950=AXIS2_PLACEMENT_3D('',#4228,#3447,#3448);
#2951=AXIS2_PLACEMENT_3D('',#4230,#3450,#3451);
#2952=AXIS2_PLACEMENT_3D('',#4234,#3453,#3454);
#2953=AXIS2_PLACEMENT_3D('',#4235,#3455,#3456);
#2954=AXIS2_PLACEMENT_3D('',#4237,#3458,#3459);
#2955=AXIS2_PLACEMENT_3D('',#4241,#3461,#3462);
#2956=AXIS2_PLACEMENT_3D('',#4242,#3463,#3464);
#2957=AXIS2_PLACEMENT_3D('',#4244,#3466,#3467);
#2958=AXIS2_PLACEMENT_3D('',#4248,#3469,#3470);
#2959=AXIS2_PLACEMENT_3D('',#4249,#3471,#3472);
#2960=AXIS2_PLACEMENT_3D('',#4251,#3474,#3475);
#2961=AXIS2_PLACEMENT_3D('',#4255,#3477,#3478);
#2962=AXIS2_PLACEMENT_3D('',#4256,#3479,#3480);
#2963=AXIS2_PLACEMENT_3D('',#4258,#3482,#3483);
#2964=AXIS2_PLACEMENT_3D('',#4262,#3485,#3486);
#2965=AXIS2_PLACEMENT_3D('',#4263,#3487,#3488);
#2966=AXIS2_PLACEMENT_3D('',#4265,#3490,#3491);
#2967=AXIS2_PLACEMENT_3D('',#4269,#3493,#3494);
#2968=AXIS2_PLACEMENT_3D('',#4270,#3495,#3496);
#2969=AXIS2_PLACEMENT_3D('',#4272,#3498,#3499);
#2970=AXIS2_PLACEMENT_3D('',#4276,#3501,#3502);
#2971=AXIS2_PLACEMENT_3D('',#4277,#3503,#3504);
#2972=AXIS2_PLACEMENT_3D('',#4279,#3506,#3507);
#2973=AXIS2_PLACEMENT_3D('',#4283,#3509,#3510);
#2974=AXIS2_PLACEMENT_3D('',#4284,#3511,#3512);
#2975=AXIS2_PLACEMENT_3D('',#4286,#3514,#3515);
#2976=AXIS2_PLACEMENT_3D('',#4290,#3517,#3518);
#2977=AXIS2_PLACEMENT_3D('',#4291,#3519,#3520);
#2978=AXIS2_PLACEMENT_3D('',#4293,#3522,#3523);
#2979=AXIS2_PLACEMENT_3D('',#4297,#3525,#3526);
#2980=AXIS2_PLACEMENT_3D('',#4298,#3527,#3528);
#2981=AXIS2_PLACEMENT_3D('',#4300,#3530,#3531);
#2982=AXIS2_PLACEMENT_3D('',#4304,#3533,#3534);
#2983=AXIS2_PLACEMENT_3D('',#4305,#3535,#3536);
#2984=AXIS2_PLACEMENT_3D('',#4307,#3538,#3539);
#2985=AXIS2_PLACEMENT_3D('',#4311,#3541,#3542);
#2986=AXIS2_PLACEMENT_3D('',#4312,#3543,#3544);
#2987=AXIS2_PLACEMENT_3D('',#4314,#3546,#3547);
#2988=AXIS2_PLACEMENT_3D('',#4315,#3548,#3549);
#2989=AXIS2_PLACEMENT_3D('',#4324,#3554,#3555);
#2990=AXIS2_PLACEMENT_3D('',#4330,#3559,#3560);
#2991=AXIS2_PLACEMENT_3D('',#4336,#3564,#3565);
#2992=AXIS2_PLACEMENT_3D('',#4339,#3568,#3569);
#2993=AXIS2_PLACEMENT_3D('',#4341,#3570,#3571);
#2994=AXIS2_PLACEMENT_3D('',#4343,#3572,#3573);
#2995=AXIS2_PLACEMENT_3D('',#4345,#3574,#3575);
#2996=AXIS2_PLACEMENT_3D('',#4347,#3576,#3577);
#2997=AXIS2_PLACEMENT_3D('',#4356,#3582,#3583);
#2998=AXIS2_PLACEMENT_3D('',#4358,#3584,#3585);
#2999=AXIS2_PLACEMENT_3D('',#4360,#3586,#3587);
#3000=AXIS2_PLACEMENT_3D('',#4362,#3588,#3589);
#3001=AXIS2_PLACEMENT_3D('',#4364,#3590,#3591);
#3002=AXIS2_PLACEMENT_3D('',#4373,#3596,#3597);
#3003=AXIS2_PLACEMENT_3D('',#4376,#3600,#3601);
#3004=AXIS2_PLACEMENT_3D('',#4378,#3603,#3604);
#3005=AXIS2_PLACEMENT_3D('',#4380,#3606,#3607);
#3006=AXIS2_PLACEMENT_3D('',#4381,#3608,#3609);
#3007=AXIS2_PLACEMENT_3D('',#4383,#3611,#3612);
#3008=AXIS2_PLACEMENT_3D('',#4385,#3614,#3615);
#3009=AXIS2_PLACEMENT_3D('',#4387,#3617,#3618);
#3010=AXIS2_PLACEMENT_3D('',#4389,#3620,#3621);
#3011=AXIS2_PLACEMENT_3D('',#4390,#3622,#3623);
#3012=AXIS2_PLACEMENT_3D('',#4392,#3624,#3625);
#3013=AXIS2_PLACEMENT_3D('',#4395,#3627,#3628);
#3014=AXIS2_PLACEMENT_3D('',#4396,#3629,#3630);
#3015=AXIS2_PLACEMENT_3D('',#4405,#3635,#3636);
#3016=AXIS2_PLACEMENT_3D('',#4411,#3640,#3641);
#3017=AXIS2_PLACEMENT_3D('',#4417,#3645,#3646);
#3018=AXIS2_PLACEMENT_3D('',#4420,#3649,#3650);
#3019=AXIS2_PLACEMENT_3D('',#4422,#3651,#3652);
#3020=AXIS2_PLACEMENT_3D('',#4424,#3653,#3654);
#3021=AXIS2_PLACEMENT_3D('',#4426,#3655,#3656);
#3022=AXIS2_PLACEMENT_3D('',#4428,#3657,#3658);
#3023=AXIS2_PLACEMENT_3D('',#4430,#3659,#3660);
#3024=AXIS2_PLACEMENT_3D('',#4431,#3661,#3662);
#3025=AXIS2_PLACEMENT_3D('',#4433,#3663,#3664);
#3026=AXIS2_PLACEMENT_3D('',#4435,#3665,#3666);
#3027=AXIS2_PLACEMENT_3D('',#4437,#3667,#3668);
#3028=AXIS2_PLACEMENT_3D('',#4439,#3669,#3670);
#3029=AXIS2_PLACEMENT_3D('',#4440,#3671,#3672);
#3030=AXIS2_PLACEMENT_3D('',#4442,#3673,#3674);
#3031=AXIS2_PLACEMENT_3D('',#4443,#3675,#3676);
#3032=AXIS2_PLACEMENT_3D('',#4445,#3678,#3679);
#3033=AXIS2_PLACEMENT_3D('',#4447,#3681,#3682);
#3034=AXIS2_PLACEMENT_3D('',#4449,#3684,#3685);
#3035=AXIS2_PLACEMENT_3D('',#4451,#3687,#3688);
#3036=AXIS2_PLACEMENT_3D('',#4453,#3690,#3691);
#3037=AXIS2_PLACEMENT_3D('',#4454,#3692,#3693);
#3038=AXIS2_PLACEMENT_3D('',#4463,#3698,#3699);
#3039=AXIS2_PLACEMENT_3D('',#4469,#3703,#3704);
#3040=AXIS2_PLACEMENT_3D('',#4475,#3708,#3709);
#3041=AXIS2_PLACEMENT_3D('',#4478,#3712,#3713);
#3042=AXIS2_PLACEMENT_3D('',#4479,#3714,#3715);
#3043=AXIS2_PLACEMENT_3D('',#4480,#3716,#3717);
#3044=AXIS2_PLACEMENT_3D('',#4481,#3718,#3719);
#3045=AXIS2_PLACEMENT_3D('',#4490,#3724,#3725);
#3046=AXIS2_PLACEMENT_3D('',#4496,#3729,#3730);
#3047=AXIS2_PLACEMENT_3D('',#4502,#3734,#3735);
#3048=AXIS2_PLACEMENT_3D('',#4505,#3738,#3739);
#3049=AXIS2_PLACEMENT_3D('',#4507,#3740,#3741);
#3050=AXIS2_PLACEMENT_3D('',#4509,#3742,#3743);
#3051=AXIS2_PLACEMENT_3D('',#4511,#3744,#3745);
#3052=AXIS2_PLACEMENT_3D('',#4513,#3746,#3747);
#3053=AXIS2_PLACEMENT_3D('',#4514,#3748,#3749);
#3054=AXIS2_PLACEMENT_3D('',#4516,#3750,#3751);
#3055=AXIS2_PLACEMENT_3D('',#4518,#3752,#3753);
#3056=AXIS2_PLACEMENT_3D('',#4520,#3754,#3755);
#3057=AXIS2_PLACEMENT_3D('',#4522,#3756,#3757);
#3058=AXIS2_PLACEMENT_3D('',#4523,#3758,#3759);
#3059=AXIS2_PLACEMENT_3D('',#4525,#3761,#3762);
#3060=AXIS2_PLACEMENT_3D('',#4527,#3764,#3765);
#3061=AXIS2_PLACEMENT_3D('',#4529,#3767,#3768);
#3062=AXIS2_PLACEMENT_3D('',#4531,#3770,#3771);
#3063=AXIS2_PLACEMENT_3D('',#4532,#3772,#3773);
#3064=AXIS2_PLACEMENT_3D('',#4542,#3778,#3779);
#3065=AXIS2_PLACEMENT_3D('',#4544,#3780,#3781);
#3066=AXIS2_PLACEMENT_3D('',#4546,#3782,#3783);
#3067=AXIS2_PLACEMENT_3D('',#4548,#3784,#3785);
#3068=AXIS2_PLACEMENT_3D('',#4550,#3786,#3787);
#3069=AXIS2_PLACEMENT_3D('',#4552,#3788,#3789);
#3070=AXIS2_PLACEMENT_3D('',#4554,#3790,#3791);
#3071=AXIS2_PLACEMENT_3D('',#4556,#3792,#3793);
#3072=AXIS2_PLACEMENT_3D('',#4558,#3794,#3795);
#3073=AXIS2_PLACEMENT_3D('',#4559,#3796,#3797);
#3074=AXIS2_PLACEMENT_3D('',#4561,#3798,#3799);
#3075=AXIS2_PLACEMENT_3D('',#4564,#3801,#3802);
#3076=AXIS2_PLACEMENT_3D('',#4565,#3803,#3804);
#3077=AXIS2_PLACEMENT_3D('',#4567,#3805,#3806);
#3078=AXIS2_PLACEMENT_3D('',#4570,#3808,#3809);
#3079=AXIS2_PLACEMENT_3D('',#4571,#3810,#3811);
#3080=AXIS2_PLACEMENT_3D('',#4573,#3812,#3813);
#3081=AXIS2_PLACEMENT_3D('',#4576,#3815,#3816);
#3082=AXIS2_PLACEMENT_3D('',#4577,#3817,#3818);
#3083=AXIS2_PLACEMENT_3D('',#4579,#3819,#3820);
#3084=AXIS2_PLACEMENT_3D('',#4582,#3822,#3823);
#3085=AXIS2_PLACEMENT_3D('',#4583,#3824,#3825);
#3086=AXIS2_PLACEMENT_3D('',#4585,#3826,#3827);
#3087=AXIS2_PLACEMENT_3D('',#4588,#3829,#3830);
#3088=AXIS2_PLACEMENT_3D('',#4589,#3831,#3832);
#3089=AXIS2_PLACEMENT_3D('',#4596,#3836,#3837);
#3090=AXIS2_PLACEMENT_3D('',#4597,#3838,#3839);
#3091=AXIS2_PLACEMENT_3D('',#4601,#3842,#3843);
#3092=AXIS2_PLACEMENT_3D('',#4605,#3846,#3847);
#3093=AXIS2_PLACEMENT_3D('',#4607,#3849,#3850);
#3094=AXIS2_PLACEMENT_3D('',#4609,#3851,#3852);
#3095=AXIS2_PLACEMENT_3D('',#4611,#3853,#3854);
#3096=AXIS2_PLACEMENT_3D('',#4613,#3855,#3856);
#3097=AXIS2_PLACEMENT_3D('',#4615,#3857,#3858);
#3098=AXIS2_PLACEMENT_3D('',#4616,#3859,#3860);
#3099=AXIS2_PLACEMENT_3D('',#4618,#3861,#3862);
#3100=AXIS2_PLACEMENT_3D('',#4619,#3863,#3864);
#3101=AXIS2_PLACEMENT_3D('',#4660,#3866,#3867);
#3102=AXIS2_PLACEMENT_3D('',#4662,#3869,#3870);
#3103=AXIS2_PLACEMENT_3D('',#4664,#3871,#3872);
#3104=AXIS2_PLACEMENT_3D('',#4665,#3873,#3874);
#3105=AXIS2_PLACEMENT_3D('',#4667,#3876,#3877);
#3106=AXIS2_PLACEMENT_3D('',#4669,#3878,#3879);
#3107=AXIS2_PLACEMENT_3D('',#4670,#3880,#3881);
#3108=AXIS2_PLACEMENT_3D('',#4672,#3883,#3884);
#3109=AXIS2_PLACEMENT_3D('',#4674,#3885,#3886);
#3110=AXIS2_PLACEMENT_3D('',#4675,#3887,#3888);
#3111=AXIS2_PLACEMENT_3D('',#4677,#3890,#3891);
#3112=AXIS2_PLACEMENT_3D('',#4679,#3892,#3893);
#3113=AXIS2_PLACEMENT_3D('',#4680,#3894,#3895);
#3114=AXIS2_PLACEMENT_3D('',#4682,#3897,#3898);
#3115=AXIS2_PLACEMENT_3D('',#4684,#3900,#3901);
#3116=AXIS2_PLACEMENT_3D('',#4686,#3903,#3904);
#3117=AXIS2_PLACEMENT_3D('',#4688,#3906,#3907);
#3118=AXIS2_PLACEMENT_3D('',#4690,#3909,#3910);
#3119=AXIS2_PLACEMENT_3D('',#4691,#3911,#3912);
#3120=AXIS2_PLACEMENT_3D('',#4692,#3913,#3914);
#3121=AXIS2_PLACEMENT_3D('',#4693,#3915,#3916);
#3122=AXIS2_PLACEMENT_3D('',#4694,#3917,#3918);
#3123=AXIS2_PLACEMENT_3D('',#4695,#3919,#3920);
#3124=AXIS2_PLACEMENT_3D('',#4696,#3921,#3922);
#3125=DIRECTION('axis',(0.,0.,1.));
#3126=DIRECTION('refdir',(1.,0.,0.));
#3127=DIRECTION('axis',(0.,0.,1.));
#3128=DIRECTION('refdir',(1.,0.,0.));
#3129=DIRECTION('center_axis',(0.,1.22464679914735E-16,-1.));
#3130=DIRECTION('ref_axis',(-1.,0.,0.));
#3131=DIRECTION('',(0.,-1.,-1.22464679914735E-16));
#3132=DIRECTION('',(-1.,0.,0.));
#3133=DIRECTION('',(0.,-1.,-1.22464679914735E-16));
#3134=DIRECTION('',(-1.,0.,0.));
#3135=DIRECTION('center_axis',(0.,0.,1.));
#3136=DIRECTION('ref_axis',(1.,0.,0.));
#3137=DIRECTION('center_axis',(0.,0.,1.));
#3138=DIRECTION('ref_axis',(1.,0.,0.));
#3139=DIRECTION('center_axis',(0.,0.,1.));
#3140=DIRECTION('ref_axis',(1.,0.,0.));
#3141=DIRECTION('center_axis',(0.,0.,1.));
#3142=DIRECTION('ref_axis',(1.,0.,0.));
#3143=DIRECTION('center_axis',(0.,0.,1.));
#3144=DIRECTION('ref_axis',(1.,0.,0.));
#3145=DIRECTION('center_axis',(0.,0.,1.));
#3146=DIRECTION('ref_axis',(1.,0.,0.));
#3147=DIRECTION('center_axis',(0.,0.,1.));
#3148=DIRECTION('ref_axis',(1.,0.,0.));
#3149=DIRECTION('center_axis',(0.,0.,1.));
#3150=DIRECTION('ref_axis',(1.,0.,0.));
#3151=DIRECTION('',(1.,0.,0.));
#3152=DIRECTION('',(0.,1.,9.10615997888087E-16));
#3153=DIRECTION('',(1.,-1.45698559662094E-16,0.));
#3154=DIRECTION('',(0.,1.,9.10615997888088E-16));
#3155=DIRECTION('center_axis',(0.,1.,0.));
#3156=DIRECTION('ref_axis',(0.,0.,1.));
#3157=DIRECTION('',(0.,0.,-1.));
#3158=DIRECTION('',(-1.,0.,0.));
#3159=DIRECTION('',(0.,0.,-1.));
#3160=DIRECTION('center_axis',(0.,-1.,0.));
#3161=DIRECTION('ref_axis',(0.,0.,-1.));
#3162=DIRECTION('center_axis',(0.,-1.,0.));
#3163=DIRECTION('ref_axis',(0.,0.,-1.));
#3164=DIRECTION('center_axis',(0.,-1.,0.));
#3165=DIRECTION('ref_axis',(0.,0.,-1.));
#3166=DIRECTION('center_axis',(0.,-1.,0.));
#3167=DIRECTION('ref_axis',(0.,0.,-1.));
#3168=DIRECTION('center_axis',(0.,-1.82123199577618E-16,1.));
#3169=DIRECTION('ref_axis',(1.,0.,0.));
#3170=DIRECTION('',(0.,1.,2.33117695459351E-16));
#3171=DIRECTION('',(-1.,0.,0.));
#3172=DIRECTION('',(0.,1.,2.33117695459351E-16));
#3173=DIRECTION('center_axis',(0.,1.82123199577618E-16,-1.));
#3174=DIRECTION('ref_axis',(0.,1.,1.82123199577618E-16));
#3175=DIRECTION('center_axis',(0.,1.82123199577618E-16,-1.));
#3176=DIRECTION('ref_axis',(0.,1.,1.82123199577618E-16));
#3177=DIRECTION('center_axis',(0.,1.82123199577618E-16,-1.));
#3178=DIRECTION('ref_axis',(0.,1.,1.82123199577618E-16));
#3179=DIRECTION('center_axis',(0.,1.82123199577618E-16,-1.));
#3180=DIRECTION('ref_axis',(0.,1.,1.82123199577618E-16));
#3181=DIRECTION('center_axis',(0.,1.82123199577618E-16,-1.));
#3182=DIRECTION('ref_axis',(0.,1.,1.82123199577618E-16));
#3183=DIRECTION('center_axis',(0.,1.82123199577618E-16,-1.));
#3184=DIRECTION('ref_axis',(0.,1.,1.82123199577618E-16));
#3185=DIRECTION('center_axis',(0.,1.82123199577618E-16,-1.));
#3186=DIRECTION('ref_axis',(0.,1.,1.82123199577618E-16));
#3187=DIRECTION('center_axis',(0.,1.82123199577618E-16,-1.));
#3188=DIRECTION('ref_axis',(0.,1.,1.82123199577618E-16));
#3189=DIRECTION('',(1.,-1.45698559662094E-16,0.));
#3190=DIRECTION('',(0.,1.,1.16558847729675E-15));
#3191=DIRECTION('',(1.,-1.45698559662094E-16,0.));
#3192=DIRECTION('',(0.,1.,1.16558847729675E-15));
#3193=DIRECTION('center_axis',(0.,-1.,0.));
#3194=DIRECTION('ref_axis',(0.,0.,-1.));
#3195=DIRECTION('',(0.,0.,1.));
#3196=DIRECTION('',(0.,0.,1.));
#3197=DIRECTION('center_axis',(0.,1.,0.));
#3198=DIRECTION('ref_axis',(0.,0.,1.));
#3199=DIRECTION('center_axis',(0.,1.,0.));
#3200=DIRECTION('ref_axis',(0.,0.,1.));
#3201=DIRECTION('center_axis',(0.,1.,0.));
#3202=DIRECTION('ref_axis',(0.,0.,1.));
#3203=DIRECTION('center_axis',(0.,1.,0.));
#3204=DIRECTION('ref_axis',(0.,0.,1.));
#3205=DIRECTION('center_axis',(0.,1.,0.));
#3206=DIRECTION('ref_axis',(0.,0.,1.));
#3207=DIRECTION('center_axis',(1.,0.,0.));
#3208=DIRECTION('ref_axis',(0.,0.,-1.));
#3209=DIRECTION('center_axis',(1.,0.,0.));
#3210=DIRECTION('ref_axis',(0.,0.,-1.));
#3211=DIRECTION('center_axis',(1.,0.,0.));
#3212=DIRECTION('ref_axis',(0.,0.,-1.));
#3213=DIRECTION('center_axis',(1.,0.,0.));
#3214=DIRECTION('ref_axis',(0.,0.,-1.));
#3215=DIRECTION('center_axis',(1.,0.,0.));
#3216=DIRECTION('ref_axis',(0.,0.,-1.));
#3217=DIRECTION('center_axis',(1.,0.,0.));
#3218=DIRECTION('ref_axis',(0.,0.,-1.));
#3219=DIRECTION('center_axis',(1.,0.,0.));
#3220=DIRECTION('ref_axis',(0.,0.,-1.));
#3221=DIRECTION('center_axis',(-1.,0.,0.));
#3222=DIRECTION('ref_axis',(0.,0.,1.));
#3223=DIRECTION('center_axis',(-1.,0.,0.));
#3224=DIRECTION('ref_axis',(0.,0.,1.));
#3225=DIRECTION('center_axis',(-1.,0.,0.));
#3226=DIRECTION('ref_axis',(0.,0.,1.));
#3227=DIRECTION('center_axis',(-1.,0.,0.));
#3228=DIRECTION('ref_axis',(0.,0.,1.));
#3229=DIRECTION('center_axis',(1.,0.,0.));
#3230=DIRECTION('ref_axis',(0.,0.,-1.));
#3231=DIRECTION('center_axis',(1.,0.,0.));
#3232=DIRECTION('ref_axis',(0.,0.,-1.));
#3233=DIRECTION('',(1.,0.,0.));
#3234=DIRECTION('center_axis',(-1.,0.,0.));
#3235=DIRECTION('ref_axis',(0.,0.,1.));
#3236=DIRECTION('',(1.,0.,0.));
#3237=DIRECTION('center_axis',(-1.,0.,0.));
#3238=DIRECTION('ref_axis',(0.,0.,1.));
#3239=DIRECTION('',(1.,0.,0.));
#3240=DIRECTION('center_axis',(-1.,0.,0.));
#3241=DIRECTION('ref_axis',(0.,0.,1.));
#3242=DIRECTION('',(1.,0.,0.));
#3243=DIRECTION('center_axis',(0.707106781186548,-0.707106781186548,0.));
#3244=DIRECTION('ref_axis',(0.707106781186548,0.707106781186548,0.));
#3245=DIRECTION('',(1.,0.,0.));
#3246=DIRECTION('center_axis',(-1.,0.,0.));
#3247=DIRECTION('ref_axis',(0.,0.,1.));
#3248=DIRECTION('',(1.,0.,0.));
#3249=DIRECTION('center_axis',(-1.,0.,0.));
#3250=DIRECTION('ref_axis',(0.,0.,1.));
#3251=DIRECTION('',(1.,0.,0.));
#3252=DIRECTION('center_axis',(0.707106781186548,0.707106781186548,0.));
#3253=DIRECTION('ref_axis',(0.707106781186548,-0.707106781186548,0.));
#3254=DIRECTION('',(1.,0.,0.));
#3255=DIRECTION('center_axis',(-1.,0.,0.));
#3256=DIRECTION('ref_axis',(0.,0.,1.));
#3257=DIRECTION('center_axis',(1.,0.,0.));
#3258=DIRECTION('ref_axis',(0.,0.,-1.));
#3259=DIRECTION('',(0.515038074910058,-1.04972719113862E-16,0.85716730070211));
#3260=DIRECTION('center_axis',(1.,0.,0.));
#3261=DIRECTION('ref_axis',(0.,0.,-1.));
#3262=DIRECTION('center_axis',(1.,0.,0.));
#3263=DIRECTION('ref_axis',(0.,0.,-1.));
#3264=DIRECTION('',(1.,0.,0.));
#3265=DIRECTION('center_axis',(1.,0.,0.));
#3266=DIRECTION('ref_axis',(0.,0.,-1.));
#3267=DIRECTION('',(0.515038074910058,-1.04972719113862E-16,0.85716730070211));
#3268=DIRECTION('center_axis',(1.,0.,0.));
#3269=DIRECTION('ref_axis',(0.,0.,-1.));
#3270=DIRECTION('center_axis',(1.,0.,0.));
#3271=DIRECTION('ref_axis',(0.,0.,-1.));
#3272=DIRECTION('',(1.,0.,0.));
#3273=DIRECTION('center_axis',(1.,0.,0.));
#3274=DIRECTION('ref_axis',(0.,0.,-1.));
#3275=DIRECTION('',(0.515038074910058,-1.04972719113862E-16,0.85716730070211));
#3276=DIRECTION('center_axis',(1.,0.,0.));
#3277=DIRECTION('ref_axis',(0.,0.,-1.));
#3278=DIRECTION('center_axis',(1.,0.,0.));
#3279=DIRECTION('ref_axis',(0.,0.,-1.));
#3280=DIRECTION('',(1.,0.,0.));
#3281=DIRECTION('center_axis',(1.,0.,0.));
#3282=DIRECTION('ref_axis',(0.,0.,-1.));
#3283=DIRECTION('',(0.515038074910058,-1.04972719113862E-16,0.85716730070211));
#3284=DIRECTION('center_axis',(1.,0.,0.));
#3285=DIRECTION('ref_axis',(0.,0.,-1.));
#3286=DIRECTION('center_axis',(1.,0.,0.));
#3287=DIRECTION('ref_axis',(0.,0.,-1.));
#3288=DIRECTION('',(1.,0.,0.));
#3289=DIRECTION('center_axis',(-1.,0.,0.));
#3290=DIRECTION('ref_axis',(0.,0.,1.));
#3291=DIRECTION('',(-0.515038074910058,-1.04972719113862E-16,-0.85716730070211));
#3292=DIRECTION('center_axis',(-1.,0.,0.));
#3293=DIRECTION('ref_axis',(0.,0.,1.));
#3294=DIRECTION('center_axis',(-1.,0.,0.));
#3295=DIRECTION('ref_axis',(0.,0.,1.));
#3296=DIRECTION('',(-1.,0.,0.));
#3297=DIRECTION('center_axis',(-1.,0.,0.));
#3298=DIRECTION('ref_axis',(0.,0.,1.));
#3299=DIRECTION('',(-0.515038074910058,-1.04972719113862E-16,-0.85716730070211));
#3300=DIRECTION('center_axis',(-1.,0.,0.));
#3301=DIRECTION('ref_axis',(0.,0.,1.));
#3302=DIRECTION('center_axis',(-1.,0.,0.));
#3303=DIRECTION('ref_axis',(0.,0.,1.));
#3304=DIRECTION('',(-1.,0.,0.));
#3305=DIRECTION('center_axis',(-1.,0.,0.));
#3306=DIRECTION('ref_axis',(0.,0.,1.));
#3307=DIRECTION('',(-0.515038074910058,-1.04972719113862E-16,-0.85716730070211));
#3308=DIRECTION('center_axis',(-1.,0.,0.));
#3309=DIRECTION('ref_axis',(0.,0.,1.));
#3310=DIRECTION('center_axis',(-1.,0.,0.));
#3311=DIRECTION('ref_axis',(0.,0.,1.));
#3312=DIRECTION('',(-1.,0.,0.));
#3313=DIRECTION('center_axis',(-1.,0.,0.));
#3314=DIRECTION('ref_axis',(0.,0.,1.));
#3315=DIRECTION('',(-0.515038074910058,-1.04972719113862E-16,-0.85716730070211));
#3316=DIRECTION('center_axis',(-1.,0.,0.));
#3317=DIRECTION('ref_axis',(0.,0.,1.));
#3318=DIRECTION('center_axis',(-1.,0.,0.));
#3319=DIRECTION('ref_axis',(0.,0.,1.));
#3320=DIRECTION('',(-1.,0.,0.));
#3321=DIRECTION('center_axis',(0.,-1.,0.));
#3322=DIRECTION('ref_axis',(0.,0.,-1.));
#3323=DIRECTION('',(-1.04972719113862E-16,-0.515038074910058,0.85716730070211));
#3324=DIRECTION('center_axis',(0.,-1.,0.));
#3325=DIRECTION('ref_axis',(0.,0.,-1.));
#3326=DIRECTION('center_axis',(0.,-1.,0.));
#3327=DIRECTION('ref_axis',(0.,0.,-1.));
#3328=DIRECTION('',(0.,-1.,0.));
#3329=DIRECTION('center_axis',(0.,-1.,0.));
#3330=DIRECTION('ref_axis',(0.,0.,-1.));
#3331=DIRECTION('',(-1.04972719113862E-16,-0.515038074910058,0.85716730070211));
#3332=DIRECTION('center_axis',(0.,-1.,0.));
#3333=DIRECTION('ref_axis',(0.,0.,-1.));
#3334=DIRECTION('center_axis',(0.,-1.,0.));
#3335=DIRECTION('ref_axis',(0.,0.,-1.));
#3336=DIRECTION('',(0.,-1.,0.));
#3337=DIRECTION('center_axis',(0.,-1.,0.));
#3338=DIRECTION('ref_axis',(0.,0.,-1.));
#3339=DIRECTION('',(-1.04972719113862E-16,-0.515038074910058,0.85716730070211));
#3340=DIRECTION('center_axis',(0.,-1.,0.));
#3341=DIRECTION('ref_axis',(0.,0.,-1.));
#3342=DIRECTION('center_axis',(0.,-1.,0.));
#3343=DIRECTION('ref_axis',(0.,0.,-1.));
#3344=DIRECTION('',(0.,-1.,0.));
#3345=DIRECTION('center_axis',(0.,-1.,0.));
#3346=DIRECTION('ref_axis',(0.,0.,-1.));
#3347=DIRECTION('',(-1.04972719113862E-16,-0.515038074910058,0.85716730070211));
#3348=DIRECTION('center_axis',(0.,-1.,0.));
#3349=DIRECTION('ref_axis',(0.,0.,-1.));
#3350=DIRECTION('center_axis',(0.,-1.,0.));
#3351=DIRECTION('ref_axis',(0.,0.,-1.));
#3352=DIRECTION('',(0.,-1.,0.));
#3353=DIRECTION('center_axis',(0.,1.,0.));
#3354=DIRECTION('ref_axis',(0.,0.,1.));
#3355=DIRECTION('center_axis',(1.13826999736011E-16,1.,1.82123199577618E-16));
#3356=DIRECTION('ref_axis',(0.,-1.82123199577618E-16,1.));
#3357=DIRECTION('',(0.,1.,0.));
#3358=DIRECTION('center_axis',(1.13826999736011E-16,1.,1.82123199577618E-16));
#3359=DIRECTION('ref_axis',(0.,-1.82123199577618E-16,1.));
#3360=DIRECTION('center_axis',(1.13826999736011E-16,1.,1.82123199577618E-16));
#3361=DIRECTION('ref_axis',(0.,-1.82123199577618E-16,1.));
#3362=DIRECTION('center_axis',(1.13826999736011E-16,1.,1.82123199577618E-16));
#3363=DIRECTION('ref_axis',(0.,-1.82123199577618E-16,1.));
#3364=DIRECTION('',(0.,0.,-1.));
#3365=DIRECTION('',(0.,0.,-1.));
#3366=DIRECTION('center_axis',(-1.,0.,0.));
#3367=DIRECTION('ref_axis',(0.,0.,1.));
#3368=DIRECTION('',(0.,0.,-1.));
#3369=DIRECTION('center_axis',(1.13826999736011E-16,1.,1.82123199577618E-16));
#3370=DIRECTION('ref_axis',(0.,-1.82123199577618E-16,1.));
#3371=DIRECTION('',(0.,0.,-1.));
#3372=DIRECTION('center_axis',(-1.,0.,0.));
#3373=DIRECTION('ref_axis',(0.,0.,1.));
#3374=DIRECTION('center_axis',(-1.,0.,0.));
#3375=DIRECTION('ref_axis',(0.,0.,1.));
#3376=DIRECTION('',(0.,0.,-1.));
#3377=DIRECTION('',(0.,0.,-1.));
#3378=DIRECTION('center_axis',(1.13826999736011E-16,1.,1.82123199577618E-16));
#3379=DIRECTION('ref_axis',(0.,-1.82123199577618E-16,1.));
#3380=DIRECTION('',(0.,0.,-1.));
#3381=DIRECTION('center_axis',(-1.,0.,0.));
#3382=DIRECTION('ref_axis',(0.,0.,1.));
#3383=DIRECTION('',(0.,0.,-1.));
#3384=DIRECTION('center_axis',(1.13826999736011E-16,1.,1.82123199577618E-16));
#3385=DIRECTION('ref_axis',(0.,-1.82123199577618E-16,1.));
#3386=DIRECTION('center_axis',(0.,1.82123199577618E-16,-1.));
#3387=DIRECTION('ref_axis',(0.,1.,1.82123199577618E-16));
#3388=DIRECTION('',(-1.04972719113862E-16,-0.85716730070211,-0.515038074910058));
#3389=DIRECTION('center_axis',(0.,1.82123199577618E-16,-1.));
#3390=DIRECTION('ref_axis',(0.,1.,1.82123199577618E-16));
#3391=DIRECTION('center_axis',(0.,1.82123199577618E-16,-1.));
#3392=DIRECTION('ref_axis',(0.,1.,1.82123199577618E-16));
#3393=DIRECTION('',(0.,1.82123199577618E-16,-1.));
#3394=DIRECTION('center_axis',(0.,1.82123199577618E-16,-1.));
#3395=DIRECTION('ref_axis',(0.,1.,1.82123199577618E-16));
#3396=DIRECTION('',(-1.04972719113862E-16,-0.85716730070211,-0.515038074910058));
#3397=DIRECTION('center_axis',(0.,1.82123199577618E-16,-1.));
#3398=DIRECTION('ref_axis',(0.,1.,1.82123199577618E-16));
#3399=DIRECTION('center_axis',(0.,1.82123199577618E-16,-1.));
#3400=DIRECTION('ref_axis',(0.,1.,1.82123199577618E-16));
#3401=DIRECTION('',(0.,1.82123199577618E-16,-1.));
#3402=DIRECTION('center_axis',(0.,1.82123199577618E-16,-1.));
#3403=DIRECTION('ref_axis',(0.,1.,1.82123199577618E-16));
#3404=DIRECTION('',(-1.04972719113862E-16,-0.85716730070211,-0.515038074910058));
#3405=DIRECTION('center_axis',(0.,1.82123199577618E-16,-1.));
#3406=DIRECTION('ref_axis',(0.,1.,1.82123199577618E-16));
#3407=DIRECTION('center_axis',(0.,1.82123199577618E-16,-1.));
#3408=DIRECTION('ref_axis',(0.,1.,1.82123199577618E-16));
#3409=DIRECTION('',(0.,1.82123199577618E-16,-1.));
#3410=DIRECTION('center_axis',(0.,1.82123199577618E-16,-1.));
#3411=DIRECTION('ref_axis',(0.,1.,1.82123199577618E-16));
#3412=DIRECTION('',(-1.04972719113862E-16,-0.85716730070211,-0.515038074910058));
#3413=DIRECTION('center_axis',(0.,1.82123199577618E-16,-1.));
#3414=DIRECTION('ref_axis',(0.,1.,1.82123199577618E-16));
#3415=DIRECTION('center_axis',(0.,1.82123199577618E-16,-1.));
#3416=DIRECTION('ref_axis',(0.,1.,1.82123199577618E-16));
#3417=DIRECTION('',(0.,1.82123199577618E-16,-1.));
#3418=DIRECTION('center_axis',(0.,0.,1.));
#3419=DIRECTION('ref_axis',(1.,0.,0.));
#3420=DIRECTION('',(-0.85716730070211,-1.04972719113862E-16,0.515038074910058));
#3421=DIRECTION('center_axis',(0.,0.,1.));
#3422=DIRECTION('ref_axis',(1.,0.,0.));
#3423=DIRECTION('center_axis',(0.,0.,1.));
#3424=DIRECTION('ref_axis',(1.,0.,0.));
#3425=DIRECTION('',(0.,0.,1.));
#3426=DIRECTION('center_axis',(0.,0.,1.));
#3427=DIRECTION('ref_axis',(1.,0.,0.));
#3428=DIRECTION('',(-0.85716730070211,-1.04972719113862E-16,0.515038074910058));
#3429=DIRECTION('center_axis',(0.,0.,1.));
#3430=DIRECTION('ref_axis',(1.,0.,0.));
#3431=DIRECTION('center_axis',(0.,0.,1.));
#3432=DIRECTION('ref_axis',(1.,0.,0.));
#3433=DIRECTION('',(0.,0.,1.));
#3434=DIRECTION('center_axis',(0.,0.,1.));
#3435=DIRECTION('ref_axis',(1.,0.,0.));
#3436=DIRECTION('',(-0.85716730070211,-1.04972719113862E-16,0.515038074910058));
#3437=DIRECTION('center_axis',(0.,0.,1.));
#3438=DIRECTION('ref_axis',(1.,0.,0.));
#3439=DIRECTION('center_axis',(0.,0.,1.));
#3440=DIRECTION('ref_axis',(1.,0.,0.));
#3441=DIRECTION('',(0.,0.,1.));
#3442=DIRECTION('center_axis',(0.,0.,1.));
#3443=DIRECTION('ref_axis',(1.,0.,0.));
#3444=DIRECTION('',(-0.85716730070211,-1.04972719113862E-16,0.515038074910058));
#3445=DIRECTION('center_axis',(0.,0.,1.));
#3446=DIRECTION('ref_axis',(1.,0.,0.));
#3447=DIRECTION('center_axis',(0.,0.,1.));
#3448=DIRECTION('ref_axis',(1.,0.,0.));
#3449=DIRECTION('',(0.,0.,1.));
#3450=DIRECTION('center_axis',(0.,1.,0.));
#3451=DIRECTION('ref_axis',(0.,0.,1.));
#3452=DIRECTION('',(-1.04972719113862E-16,0.515038074910058,-0.85716730070211));
#3453=DIRECTION('center_axis',(0.,1.,0.));
#3454=DIRECTION('ref_axis',(0.,0.,1.));
#3455=DIRECTION('center_axis',(0.,1.,0.));
#3456=DIRECTION('ref_axis',(0.,0.,1.));
#3457=DIRECTION('',(0.,1.,0.));
#3458=DIRECTION('center_axis',(0.,1.,0.));
#3459=DIRECTION('ref_axis',(0.,0.,1.));
#3460=DIRECTION('',(-1.04972719113862E-16,0.515038074910058,-0.85716730070211));
#3461=DIRECTION('center_axis',(0.,1.,0.));
#3462=DIRECTION('ref_axis',(0.,0.,1.));
#3463=DIRECTION('center_axis',(0.,1.,0.));
#3464=DIRECTION('ref_axis',(0.,0.,1.));
#3465=DIRECTION('',(0.,1.,0.));
#3466=DIRECTION('center_axis',(0.,1.,0.));
#3467=DIRECTION('ref_axis',(0.,0.,1.));
#3468=DIRECTION('',(-1.04972719113862E-16,0.515038074910058,-0.85716730070211));
#3469=DIRECTION('center_axis',(0.,1.,0.));
#3470=DIRECTION('ref_axis',(0.,0.,1.));
#3471=DIRECTION('center_axis',(0.,1.,0.));
#3472=DIRECTION('ref_axis',(0.,0.,1.));
#3473=DIRECTION('',(0.,1.,0.));
#3474=DIRECTION('center_axis',(0.,1.,0.));
#3475=DIRECTION('ref_axis',(0.,0.,1.));
#3476=DIRECTION('',(-1.04972719113862E-16,0.515038074910058,-0.85716730070211));
#3477=DIRECTION('center_axis',(0.,1.,0.));
#3478=DIRECTION('ref_axis',(0.,0.,1.));
#3479=DIRECTION('center_axis',(0.,1.,0.));
#3480=DIRECTION('ref_axis',(0.,0.,1.));
#3481=DIRECTION('',(0.,1.,0.));
#3482=DIRECTION('center_axis',(0.,0.,1.));
#3483=DIRECTION('ref_axis',(1.,0.,0.));
#3484=DIRECTION('',(-0.85716730070211,-1.04972719113862E-16,0.515038074910058));
#3485=DIRECTION('center_axis',(0.,0.,1.));
#3486=DIRECTION('ref_axis',(1.,0.,0.));
#3487=DIRECTION('center_axis',(0.,0.,1.));
#3488=DIRECTION('ref_axis',(1.,0.,0.));
#3489=DIRECTION('',(0.,0.,1.));
#3490=DIRECTION('center_axis',(0.,0.,1.));
#3491=DIRECTION('ref_axis',(1.,0.,0.));
#3492=DIRECTION('',(-0.85716730070211,-1.04972719113862E-16,0.515038074910058));
#3493=DIRECTION('center_axis',(0.,0.,1.));
#3494=DIRECTION('ref_axis',(1.,0.,0.));
#3495=DIRECTION('center_axis',(0.,0.,1.));
#3496=DIRECTION('ref_axis',(1.,0.,0.));
#3497=DIRECTION('',(0.,0.,1.));
#3498=DIRECTION('center_axis',(0.,0.,1.));
#3499=DIRECTION('ref_axis',(1.,0.,0.));
#3500=DIRECTION('',(-0.85716730070211,-1.04972719113862E-16,0.515038074910058));
#3501=DIRECTION('center_axis',(0.,0.,1.));
#3502=DIRECTION('ref_axis',(1.,0.,0.));
#3503=DIRECTION('center_axis',(0.,0.,1.));
#3504=DIRECTION('ref_axis',(1.,0.,0.));
#3505=DIRECTION('',(0.,0.,1.));
#3506=DIRECTION('center_axis',(0.,0.,1.));
#3507=DIRECTION('ref_axis',(1.,0.,0.));
#3508=DIRECTION('',(-0.85716730070211,-1.04972719113862E-16,0.515038074910058));
#3509=DIRECTION('center_axis',(0.,0.,1.));
#3510=DIRECTION('ref_axis',(1.,0.,0.));
#3511=DIRECTION('center_axis',(0.,0.,1.));
#3512=DIRECTION('ref_axis',(1.,0.,0.));
#3513=DIRECTION('',(0.,0.,1.));
#3514=DIRECTION('center_axis',(0.,1.82123199577618E-16,-1.));
#3515=DIRECTION('ref_axis',(0.,1.,1.82123199577618E-16));
#3516=DIRECTION('',(-1.04972719113862E-16,-0.85716730070211,-0.515038074910058));
#3517=DIRECTION('center_axis',(0.,1.82123199577618E-16,-1.));
#3518=DIRECTION('ref_axis',(0.,1.,1.82123199577618E-16));
#3519=DIRECTION('center_axis',(0.,1.82123199577618E-16,-1.));
#3520=DIRECTION('ref_axis',(0.,1.,1.82123199577618E-16));
#3521=DIRECTION('',(0.,1.82123199577618E-16,-1.));
#3522=DIRECTION('center_axis',(0.,1.82123199577618E-16,-1.));
#3523=DIRECTION('ref_axis',(0.,1.,1.82123199577618E-16));
#3524=DIRECTION('',(-1.04972719113862E-16,-0.85716730070211,-0.515038074910058));
#3525=DIRECTION('center_axis',(0.,1.82123199577618E-16,-1.));
#3526=DIRECTION('ref_axis',(0.,1.,1.82123199577618E-16));
#3527=DIRECTION('center_axis',(0.,1.82123199577618E-16,-1.));
#3528=DIRECTION('ref_axis',(0.,1.,1.82123199577618E-16));
#3529=DIRECTION('',(0.,1.82123199577618E-16,-1.));
#3530=DIRECTION('center_axis',(0.,1.82123199577618E-16,-1.));
#3531=DIRECTION('ref_axis',(0.,1.,1.82123199577618E-16));
#3532=DIRECTION('',(-1.04972719113862E-16,-0.85716730070211,-0.515038074910058));
#3533=DIRECTION('center_axis',(0.,1.82123199577618E-16,-1.));
#3534=DIRECTION('ref_axis',(0.,1.,1.82123199577618E-16));
#3535=DIRECTION('center_axis',(0.,1.82123199577618E-16,-1.));
#3536=DIRECTION('ref_axis',(0.,1.,1.82123199577618E-16));
#3537=DIRECTION('',(0.,1.82123199577618E-16,-1.));
#3538=DIRECTION('center_axis',(0.,1.82123199577618E-16,-1.));
#3539=DIRECTION('ref_axis',(0.,1.,1.82123199577618E-16));
#3540=DIRECTION('',(-1.04972719113862E-16,-0.85716730070211,-0.515038074910058));
#3541=DIRECTION('center_axis',(0.,1.82123199577618E-16,-1.));
#3542=DIRECTION('ref_axis',(0.,1.,1.82123199577618E-16));
#3543=DIRECTION('center_axis',(0.,1.82123199577618E-16,-1.));
#3544=DIRECTION('ref_axis',(0.,1.,1.82123199577618E-16));
#3545=DIRECTION('',(0.,1.82123199577618E-16,-1.));
#3546=DIRECTION('axis',(0.,0.,1.));
#3547=DIRECTION('refdir',(1.,0.,0.));
#3548=DIRECTION('center_axis',(0.,1.,0.));
#3549=DIRECTION('ref_axis',(0.,0.,1.));
#3550=DIRECTION('',(1.,0.,0.));
#3551=DIRECTION('',(0.,0.,-1.));
#3552=DIRECTION('',(1.,0.,0.));
#3553=DIRECTION('',(0.,0.,-1.));
#3554=DIRECTION('center_axis',(1.,0.,0.));
#3555=DIRECTION('ref_axis',(0.,0.,-1.));
#3556=DIRECTION('',(0.,-1.,0.));
#3557=DIRECTION('',(0.,0.,-1.));
#3558=DIRECTION('',(0.,-1.,0.));
#3559=DIRECTION('center_axis',(0.,1.,0.));
#3560=DIRECTION('ref_axis',(0.,0.,1.));
#3561=DIRECTION('',(1.,0.,0.));
#3562=DIRECTION('',(0.,0.,-1.));
#3563=DIRECTION('',(1.,0.,0.));
#3564=DIRECTION('center_axis',(1.,0.,0.));
#3565=DIRECTION('ref_axis',(0.,0.,-1.));
#3566=DIRECTION('',(0.,-1.,0.));
#3567=DIRECTION('',(0.,-1.,0.));
#3568=DIRECTION('center_axis',(0.,0.,-1.));
#3569=DIRECTION('ref_axis',(-1.,0.,0.));
#3570=DIRECTION('center_axis',(0.,0.,1.));
#3571=DIRECTION('ref_axis',(1.,0.,0.));
#3572=DIRECTION('center_axis',(0.,0.,1.));
#3573=DIRECTION('ref_axis',(1.,0.,0.));
#3574=DIRECTION('center_axis',(0.,0.,1.));
#3575=DIRECTION('ref_axis',(1.,0.,0.));
#3576=DIRECTION('center_axis',(0.,0.,1.));
#3577=DIRECTION('ref_axis',(1.,0.,0.));
#3578=DIRECTION('',(-1.,0.,0.));
#3579=DIRECTION('',(0.,1.,0.));
#3580=DIRECTION('',(1.,0.,0.));
#3581=DIRECTION('',(2.18547839493141E-16,-1.,0.));
#3582=DIRECTION('center_axis',(0.,0.,-1.));
#3583=DIRECTION('ref_axis',(-1.,0.,0.));
#3584=DIRECTION('center_axis',(0.,0.,1.));
#3585=DIRECTION('ref_axis',(1.,0.,0.));
#3586=DIRECTION('center_axis',(0.,0.,1.));
#3587=DIRECTION('ref_axis',(1.,0.,0.));
#3588=DIRECTION('center_axis',(0.,0.,1.));
#3589=DIRECTION('ref_axis',(1.,0.,0.));
#3590=DIRECTION('center_axis',(0.,0.,1.));
#3591=DIRECTION('ref_axis',(1.,0.,0.));
#3592=DIRECTION('',(0.,1.,0.));
#3593=DIRECTION('',(-1.,0.,0.));
#3594=DIRECTION('',(2.18547839493141E-16,-1.,0.));
#3595=DIRECTION('',(1.,0.,0.));
#3596=DIRECTION('center_axis',(1.,0.,0.));
#3597=DIRECTION('ref_axis',(0.,0.,-1.));
#3598=DIRECTION('',(0.,0.,1.));
#3599=DIRECTION('',(0.,0.,1.));
#3600=DIRECTION('center_axis',(0.,-1.,0.));
#3601=DIRECTION('ref_axis',(0.,0.,-1.));
#3602=DIRECTION('',(0.,0.,1.));
#3603=DIRECTION('center_axis',(-1.,-2.27653999472022E-16,0.));
#3604=DIRECTION('ref_axis',(0.,0.,1.));
#3605=DIRECTION('',(0.,0.,1.));
#3606=DIRECTION('center_axis',(0.,1.,0.));
#3607=DIRECTION('ref_axis',(0.,0.,1.));
#3608=DIRECTION('center_axis',(0.,0.,1.));
#3609=DIRECTION('ref_axis',(1.,0.,0.));
#3610=DIRECTION('',(0.,0.,1.));
#3611=DIRECTION('center_axis',(0.,0.,1.));
#3612=DIRECTION('ref_axis',(1.,0.,0.));
#3613=DIRECTION('',(0.,0.,1.));
#3614=DIRECTION('center_axis',(0.,0.,1.));
#3615=DIRECTION('ref_axis',(1.,0.,0.));
#3616=DIRECTION('',(0.,0.,1.));
#3617=DIRECTION('center_axis',(0.,0.,1.));
#3618=DIRECTION('ref_axis',(1.,0.,0.));
#3619=DIRECTION('',(0.,0.,1.));
#3620=DIRECTION('axis',(0.,0.,1.));
#3621=DIRECTION('refdir',(1.,0.,0.));
#3622=DIRECTION('center_axis',(0.,0.,1.));
#3623=DIRECTION('ref_axis',(1.,0.,0.));
#3624=DIRECTION('center_axis',(0.,0.,1.));
#3625=DIRECTION('ref_axis',(1.,0.,0.));
#3626=DIRECTION('',(0.,0.,1.));
#3627=DIRECTION('center_axis',(0.,0.,1.));
#3628=DIRECTION('ref_axis',(1.,0.,0.));
#3629=DIRECTION('center_axis',(-1.,0.,0.));
#3630=DIRECTION('ref_axis',(0.,0.,1.));
#3631=DIRECTION('',(0.,1.,0.));
#3632=DIRECTION('',(0.,0.,-1.));
#3633=DIRECTION('',(0.,1.,0.));
#3634=DIRECTION('',(0.,0.,-1.));
#3635=DIRECTION('center_axis',(0.,-1.,0.));
#3636=DIRECTION('ref_axis',(0.,0.,-1.));
#3637=DIRECTION('',(-1.,0.,0.));
#3638=DIRECTION('',(0.,0.,-1.));
#3639=DIRECTION('',(-1.,0.,0.));
#3640=DIRECTION('center_axis',(1.,0.,0.));
#3641=DIRECTION('ref_axis',(0.,0.,-1.));
#3642=DIRECTION('',(0.,-1.,0.));
#3643=DIRECTION('',(0.,0.,-1.));
#3644=DIRECTION('',(0.,-1.,0.));
#3645=DIRECTION('center_axis',(0.,1.,0.));
#3646=DIRECTION('ref_axis',(0.,0.,1.));
#3647=DIRECTION('',(1.,0.,0.));
#3648=DIRECTION('',(1.,0.,0.));
#3649=DIRECTION('center_axis',(0.,0.,-1.));
#3650=DIRECTION('ref_axis',(-1.,0.,0.));
#3651=DIRECTION('center_axis',(0.,0.,1.));
#3652=DIRECTION('ref_axis',(1.,0.,0.));
#3653=DIRECTION('center_axis',(0.,0.,1.));
#3654=DIRECTION('ref_axis',(1.,0.,0.));
#3655=DIRECTION('center_axis',(0.,0.,1.));
#3656=DIRECTION('ref_axis',(1.,0.,0.));
#3657=DIRECTION('center_axis',(0.,0.,1.));
#3658=DIRECTION('ref_axis',(1.,0.,0.));
#3659=DIRECTION('center_axis',(0.,0.,1.));
#3660=DIRECTION('ref_axis',(1.,0.,0.));
#3661=DIRECTION('center_axis',(0.,0.,-1.));
#3662=DIRECTION('ref_axis',(-1.,0.,0.));
#3663=DIRECTION('center_axis',(0.,0.,1.));
#3664=DIRECTION('ref_axis',(1.,0.,0.));
#3665=DIRECTION('center_axis',(0.,0.,1.));
#3666=DIRECTION('ref_axis',(1.,0.,0.));
#3667=DIRECTION('center_axis',(0.,0.,1.));
#3668=DIRECTION('ref_axis',(1.,0.,0.));
#3669=DIRECTION('center_axis',(0.,0.,1.));
#3670=DIRECTION('ref_axis',(1.,0.,0.));
#3671=DIRECTION('center_axis',(0.,0.,1.));
#3672=DIRECTION('ref_axis',(1.,0.,0.));
#3673=DIRECTION('center_axis',(0.,0.,1.));
#3674=DIRECTION('ref_axis',(1.,0.,0.));
#3675=DIRECTION('center_axis',(0.,0.,1.));
#3676=DIRECTION('ref_axis',(1.,0.,0.));
#3677=DIRECTION('',(0.,0.,1.));
#3678=DIRECTION('center_axis',(0.,0.,1.));
#3679=DIRECTION('ref_axis',(1.,0.,0.));
#3680=DIRECTION('',(0.,0.,1.));
#3681=DIRECTION('center_axis',(0.,0.,1.));
#3682=DIRECTION('ref_axis',(1.,0.,0.));
#3683=DIRECTION('',(0.,0.,1.));
#3684=DIRECTION('center_axis',(0.,0.,1.));
#3685=DIRECTION('ref_axis',(1.,0.,0.));
#3686=DIRECTION('',(0.,0.,1.));
#3687=DIRECTION('center_axis',(0.,0.,1.));
#3688=DIRECTION('ref_axis',(1.,0.,0.));
#3689=DIRECTION('',(0.,0.,1.));
#3690=DIRECTION('axis',(0.,0.,1.));
#3691=DIRECTION('refdir',(1.,0.,0.));
#3692=DIRECTION('center_axis',(1.,-5.66625320697134E-16,0.));
#3693=DIRECTION('ref_axis',(0.,0.,-1.));
#3694=DIRECTION('',(-5.66625320697134E-16,-1.,0.));
#3695=DIRECTION('',(0.,0.,-1.));
#3696=DIRECTION('',(-5.66625320697134E-16,-1.,0.));
#3697=DIRECTION('',(0.,0.,-1.));
#3698=DIRECTION('center_axis',(0.,1.,0.));
#3699=DIRECTION('ref_axis',(0.,0.,1.));
#3700=DIRECTION('',(1.,0.,0.));
#3701=DIRECTION('',(0.,0.,-1.));
#3702=DIRECTION('',(1.,0.,0.));
#3703=DIRECTION('center_axis',(-1.,0.,0.));
#3704=DIRECTION('ref_axis',(0.,0.,1.));
#3705=DIRECTION('',(0.,1.,0.));
#3706=DIRECTION('',(0.,0.,-1.));
#3707=DIRECTION('',(0.,1.,0.));
#3708=DIRECTION('center_axis',(0.,-1.,0.));
#3709=DIRECTION('ref_axis',(0.,0.,-1.));
#3710=DIRECTION('',(-1.,0.,0.));
#3711=DIRECTION('',(-1.,0.,0.));
#3712=DIRECTION('center_axis',(0.,0.,-1.));
#3713=DIRECTION('ref_axis',(-1.,0.,0.));
#3714=DIRECTION('center_axis',(0.,0.,-1.));
#3715=DIRECTION('ref_axis',(-1.,0.,0.));
#3716=DIRECTION('axis',(0.,0.,1.));
#3717=DIRECTION('refdir',(1.,0.,0.));
#3718=DIRECTION('center_axis',(1.,3.64246399155235E-16,0.));
#3719=DIRECTION('ref_axis',(0.,0.,-1.));
#3720=DIRECTION('',(3.64246399155235E-16,-1.,0.));
#3721=DIRECTION('',(0.,0.,-1.));
#3722=DIRECTION('',(3.64246399155235E-16,-1.,0.));
#3723=DIRECTION('',(0.,0.,-1.));
#3724=DIRECTION('center_axis',(0.,1.,0.));
#3725=DIRECTION('ref_axis',(0.,0.,1.));
#3726=DIRECTION('',(1.,0.,0.));
#3727=DIRECTION('',(0.,0.,-1.));
#3728=DIRECTION('',(1.,0.,0.));
#3729=DIRECTION('center_axis',(-1.,-1.82123199577618E-16,0.));
#3730=DIRECTION('ref_axis',(0.,0.,1.));
#3731=DIRECTION('',(-1.16558847729675E-16,1.,0.));
#3732=DIRECTION('',(0.,0.,-1.));
#3733=DIRECTION('',(-1.16558847729675E-16,1.,0.));
#3734=DIRECTION('center_axis',(0.,-1.,0.));
#3735=DIRECTION('ref_axis',(0.,0.,-1.));
#3736=DIRECTION('',(-1.,0.,0.));
#3737=DIRECTION('',(-1.,0.,0.));
#3738=DIRECTION('center_axis',(0.,0.,1.));
#3739=DIRECTION('ref_axis',(1.,0.,0.));
#3740=DIRECTION('center_axis',(0.,0.,1.));
#3741=DIRECTION('ref_axis',(1.,0.,0.));
#3742=DIRECTION('center_axis',(0.,0.,1.));
#3743=DIRECTION('ref_axis',(1.,0.,0.));
#3744=DIRECTION('center_axis',(0.,0.,1.));
#3745=DIRECTION('ref_axis',(1.,0.,0.));
#3746=DIRECTION('center_axis',(0.,0.,1.));
#3747=DIRECTION('ref_axis',(1.,0.,0.));
#3748=DIRECTION('center_axis',(0.,0.,1.));
#3749=DIRECTION('ref_axis',(1.,0.,0.));
#3750=DIRECTION('center_axis',(0.,0.,1.));
#3751=DIRECTION('ref_axis',(1.,0.,0.));
#3752=DIRECTION('center_axis',(0.,0.,1.));
#3753=DIRECTION('ref_axis',(1.,0.,0.));
#3754=DIRECTION('center_axis',(0.,0.,1.));
#3755=DIRECTION('ref_axis',(1.,0.,0.));
#3756=DIRECTION('center_axis',(0.,0.,1.));
#3757=DIRECTION('ref_axis',(1.,0.,0.));
#3758=DIRECTION('center_axis',(0.,0.,1.));
#3759=DIRECTION('ref_axis',(1.,0.,0.));
#3760=DIRECTION('',(0.,0.,1.));
#3761=DIRECTION('center_axis',(0.,0.,1.));
#3762=DIRECTION('ref_axis',(1.,0.,0.));
#3763=DIRECTION('',(0.,0.,1.));
#3764=DIRECTION('center_axis',(0.,0.,1.));
#3765=DIRECTION('ref_axis',(1.,0.,0.));
#3766=DIRECTION('',(0.,0.,1.));
#3767=DIRECTION('center_axis',(0.,0.,1.));
#3768=DIRECTION('ref_axis',(1.,0.,0.));
#3769=DIRECTION('',(0.,0.,1.));
#3770=DIRECTION('axis',(0.,0.,1.));
#3771=DIRECTION('refdir',(1.,0.,0.));
#3772=DIRECTION('center_axis',(0.,0.,-1.));
#3773=DIRECTION('ref_axis',(-1.,0.,0.));
#3774=DIRECTION('',(0.,1.,0.));
#3775=DIRECTION('',(-1.,0.,0.));
#3776=DIRECTION('',(0.,-1.,0.));
#3777=DIRECTION('',(1.,0.,0.));
#3778=DIRECTION('center_axis',(0.,0.,1.));
#3779=DIRECTION('ref_axis',(1.,0.,0.));
#3780=DIRECTION('center_axis',(0.,0.,1.));
#3781=DIRECTION('ref_axis',(1.,0.,0.));
#3782=DIRECTION('center_axis',(0.,0.,1.));
#3783=DIRECTION('ref_axis',(1.,0.,0.));
#3784=DIRECTION('center_axis',(0.,0.,1.));
#3785=DIRECTION('ref_axis',(1.,0.,0.));
#3786=DIRECTION('center_axis',(0.,0.,1.));
#3787=DIRECTION('ref_axis',(1.,0.,0.));
#3788=DIRECTION('center_axis',(0.,0.,1.));
#3789=DIRECTION('ref_axis',(1.,0.,0.));
#3790=DIRECTION('center_axis',(0.,0.,1.));
#3791=DIRECTION('ref_axis',(1.,0.,0.));
#3792=DIRECTION('center_axis',(0.,0.,1.));
#3793=DIRECTION('ref_axis',(1.,0.,0.));
#3794=DIRECTION('center_axis',(0.,0.,1.));
#3795=DIRECTION('ref_axis',(1.,0.,0.));
#3796=DIRECTION('center_axis',(0.,0.,1.));
#3797=DIRECTION('ref_axis',(1.,0.,0.));
#3798=DIRECTION('center_axis',(0.,0.,1.));
#3799=DIRECTION('ref_axis',(1.,0.,0.));
#3800=DIRECTION('',(0.,0.,1.));
#3801=DIRECTION('center_axis',(0.,0.,1.));
#3802=DIRECTION('ref_axis',(1.,0.,0.));
#3803=DIRECTION('center_axis',(0.,0.,1.));
#3804=DIRECTION('ref_axis',(1.,0.,0.));
#3805=DIRECTION('center_axis',(0.,0.,1.));
#3806=DIRECTION('ref_axis',(1.,0.,0.));
#3807=DIRECTION('',(0.,0.,1.));
#3808=DIRECTION('center_axis',(0.,0.,1.));
#3809=DIRECTION('ref_axis',(1.,0.,0.));
#3810=DIRECTION('center_axis',(0.,0.,1.));
#3811=DIRECTION('ref_axis',(1.,0.,0.));
#3812=DIRECTION('center_axis',(0.,0.,1.));
#3813=DIRECTION('ref_axis',(1.,0.,0.));
#3814=DIRECTION('',(0.,0.,1.));
#3815=DIRECTION('center_axis',(0.,0.,1.));
#3816=DIRECTION('ref_axis',(1.,0.,0.));
#3817=DIRECTION('center_axis',(0.,0.,1.));
#3818=DIRECTION('ref_axis',(1.,0.,0.));
#3819=DIRECTION('center_axis',(0.,0.,1.));
#3820=DIRECTION('ref_axis',(1.,0.,0.));
#3821=DIRECTION('',(0.,0.,1.));
#3822=DIRECTION('center_axis',(0.,0.,1.));
#3823=DIRECTION('ref_axis',(1.,0.,0.));
#3824=DIRECTION('center_axis',(0.,0.,1.));
#3825=DIRECTION('ref_axis',(1.,0.,0.));
#3826=DIRECTION('center_axis',(0.,0.,1.));
#3827=DIRECTION('ref_axis',(1.,0.,0.));
#3828=DIRECTION('',(0.,0.,1.));
#3829=DIRECTION('center_axis',(0.,0.,1.));
#3830=DIRECTION('ref_axis',(1.,0.,0.));
#3831=DIRECTION('center_axis',(-1.,0.,0.));
#3832=DIRECTION('ref_axis',(0.,0.,1.));
#3833=DIRECTION('',(0.,1.,0.));
#3834=DIRECTION('',(0.,0.,-1.));
#3835=DIRECTION('',(0.,0.,-1.));
#3836=DIRECTION('center_axis',(1.,0.,0.));
#3837=DIRECTION('ref_axis',(0.,0.,-1.));
#3838=DIRECTION('center_axis',(0.,-1.,0.));
#3839=DIRECTION('ref_axis',(0.,0.,-1.));
#3840=DIRECTION('',(-1.,0.,0.));
#3841=DIRECTION('',(0.,0.,-1.));
#3842=DIRECTION('center_axis',(1.,0.,0.));
#3843=DIRECTION('ref_axis',(0.,0.,-1.));
#3844=DIRECTION('',(0.,-1.,0.));
#3845=DIRECTION('',(0.,0.,-1.));
#3846=DIRECTION('center_axis',(0.,1.,0.));
#3847=DIRECTION('ref_axis',(0.,0.,1.));
#3848=DIRECTION('',(1.,0.,0.));
#3849=DIRECTION('center_axis',(0.,0.,-1.));
#3850=DIRECTION('ref_axis',(-1.,0.,0.));
#3851=DIRECTION('center_axis',(0.,0.,1.));
#3852=DIRECTION('ref_axis',(1.,0.,0.));
#3853=DIRECTION('center_axis',(0.,0.,1.));
#3854=DIRECTION('ref_axis',(1.,0.,0.));
#3855=DIRECTION('center_axis',(0.,0.,1.));
#3856=DIRECTION('ref_axis',(1.,0.,0.));
#3857=DIRECTION('center_axis',(0.,0.,1.));
#3858=DIRECTION('ref_axis',(1.,0.,0.));
#3859=DIRECTION('center_axis',(0.,0.,1.));
#3860=DIRECTION('ref_axis',(1.,0.,0.));
#3861=DIRECTION('center_axis',(0.,0.,1.));
#3862=DIRECTION('ref_axis',(1.,0.,0.));
#3863=DIRECTION('center_axis',(0.,0.,1.));
#3864=DIRECTION('ref_axis',(1.,0.,0.));
#3865=DIRECTION('',(0.,0.,1.));
#3866=DIRECTION('center_axis',(1.,0.,0.));
#3867=DIRECTION('ref_axis',(0.,0.,-1.));
#3868=DIRECTION('',(1.,0.,0.));
#3869=DIRECTION('center_axis',(0.,0.,1.));
#3870=DIRECTION('ref_axis',(1.,0.,0.));
#3871=DIRECTION('center_axis',(0.,0.,1.));
#3872=DIRECTION('ref_axis',(1.,0.,0.));
#3873=DIRECTION('center_axis',(0.,0.,1.));
#3874=DIRECTION('ref_axis',(1.,0.,0.));
#3875=DIRECTION('',(0.,0.,1.));
#3876=DIRECTION('center_axis',(0.,0.,1.));
#3877=DIRECTION('ref_axis',(1.,0.,0.));
#3878=DIRECTION('center_axis',(0.,0.,1.));
#3879=DIRECTION('ref_axis',(1.,0.,0.));
#3880=DIRECTION('center_axis',(0.,0.,1.));
#3881=DIRECTION('ref_axis',(1.,0.,0.));
#3882=DIRECTION('',(0.,0.,1.));
#3883=DIRECTION('center_axis',(0.,0.,1.));
#3884=DIRECTION('ref_axis',(1.,0.,0.));
#3885=DIRECTION('center_axis',(0.,0.,1.));
#3886=DIRECTION('ref_axis',(1.,0.,0.));
#3887=DIRECTION('center_axis',(0.,0.,1.));
#3888=DIRECTION('ref_axis',(1.,0.,0.));
#3889=DIRECTION('',(0.,0.,1.));
#3890=DIRECTION('center_axis',(0.,0.,1.));
#3891=DIRECTION('ref_axis',(1.,0.,0.));
#3892=DIRECTION('center_axis',(0.,0.,1.));
#3893=DIRECTION('ref_axis',(1.,0.,0.));
#3894=DIRECTION('center_axis',(0.,0.,1.));
#3895=DIRECTION('ref_axis',(1.,0.,0.));
#3896=DIRECTION('',(0.,0.,1.));
#3897=DIRECTION('center_axis',(0.,0.,1.));
#3898=DIRECTION('ref_axis',(1.,0.,0.));
#3899=DIRECTION('',(0.,0.,1.));
#3900=DIRECTION('center_axis',(0.,0.,1.));
#3901=DIRECTION('ref_axis',(1.,0.,0.));
#3902=DIRECTION('',(0.,0.,1.));
#3903=DIRECTION('center_axis',(0.,0.,1.));
#3904=DIRECTION('ref_axis',(1.,0.,0.));
#3905=DIRECTION('',(0.,0.,1.));
#3906=DIRECTION('center_axis',(0.,0.,1.));
#3907=DIRECTION('ref_axis',(1.,0.,0.));
#3908=DIRECTION('',(0.,0.,1.));
#3909=DIRECTION('',(0.,0.,1.));
#3910=DIRECTION('',(1.,0.,0.));
#3911=DIRECTION('',(0.,0.,1.));
#3912=DIRECTION('',(1.,0.,0.));
#3913=DIRECTION('',(0.,-1.,0.));
#3914=DIRECTION('',(1.,0.,0.));
#3915=DIRECTION('',(-1.,0.,1.04744440165294E-14));
#3916=DIRECTION('',(1.04744440165294E-14,0.,1.));
#3917=DIRECTION('',(0.,0.,1.));
#3918=DIRECTION('',(1.,0.,0.));
#3919=DIRECTION('',(0.,-1.82123199577618E-16,1.));
#3920=DIRECTION('',(1.,0.,0.));
#3921=DIRECTION('',(1.,-3.05311331771918E-16,5.55111512312577E-17));
#3922=DIRECTION('',(5.55111512312579E-17,4.27776011686653E-16,-1.));
#3923=CARTESIAN_POINT('',(0.,0.,0.));
#3924=CARTESIAN_POINT('',(0.,0.,0.));
#3925=CARTESIAN_POINT('Origin',(1.5,0.,0.));
#3926=CARTESIAN_POINT('',(0.,0.,0.));
#3927=CARTESIAN_POINT('',(0.,-1.5,-1.83697019872103E-16));
#3928=CARTESIAN_POINT('',(0.,0.,0.));
#3929=CARTESIAN_POINT('',(1.5,-1.5,-1.83697019872103E-16));
#3930=CARTESIAN_POINT('',(1.5,-1.5,-1.83697019872103E-16));
#3931=CARTESIAN_POINT('',(1.5,0.,0.));
#3932=CARTESIAN_POINT('',(1.5,0.,0.));
#3933=CARTESIAN_POINT('',(1.5,0.,0.));
#3934=CARTESIAN_POINT('',(0.475,-0.2,1.91657224066561E-16));
#3935=CARTESIAN_POINT('Origin',(0.51,-0.2,1.91657224066561E-16));
#3936=CARTESIAN_POINT('',(0.475,-1.3,5.69460761603518E-17));
#3937=CARTESIAN_POINT('Origin',(0.51,-1.3,5.69460761603518E-17));
#3938=CARTESIAN_POINT('',(0.915,-0.2,1.91657224066561E-16));
#3939=CARTESIAN_POINT('Origin',(0.95,-0.2,1.91657224066561E-16));
#3940=CARTESIAN_POINT('',(0.915,-1.3,5.69460761603518E-17));
#3941=CARTESIAN_POINT('Origin',(0.95,-1.3,5.69460761603518E-17));
#3942=CARTESIAN_POINT('',(1.2055,-1.1,5.57826617011618E-17));
#3943=CARTESIAN_POINT('Origin',(1.25,-1.1,5.57826617011618E-17));
#3944=CARTESIAN_POINT('',(0.2055,-1.1,5.57826617011618E-17));
#3945=CARTESIAN_POINT('Origin',(0.25,-1.1,5.57826617011618E-17));
#3946=CARTESIAN_POINT('',(0.2055,-0.4,5.57826617011618E-17));
#3947=CARTESIAN_POINT('Origin',(0.25,-0.4,5.57826617011618E-17));
#3948=CARTESIAN_POINT('',(1.2055,-0.4,5.57826617011618E-17));
#3949=CARTESIAN_POINT('Origin',(1.25,-0.4,5.57826617011618E-17));
#3950=CARTESIAN_POINT('',(0.15,-0.9,0.));
#3951=CARTESIAN_POINT('',(1.35,-0.9,0.));
#3952=CARTESIAN_POINT('',(0.15,-0.9,0.));
#3953=CARTESIAN_POINT('',(0.15,-0.6,2.73184799366426E-16));
#3954=CARTESIAN_POINT('',(0.15,-0.9,0.));
#3955=CARTESIAN_POINT('',(1.35,-0.6,-7.34788079488412E-17));
#3956=CARTESIAN_POINT('',(0.15,-0.6,2.73184799366426E-16));
#3957=CARTESIAN_POINT('',(1.35,-0.9,0.));
#3958=CARTESIAN_POINT('Origin',(1.5,-1.5,-1.83697019872103E-16));
#3959=CARTESIAN_POINT('',(0.,-1.5,-1.5));
#3960=CARTESIAN_POINT('',(0.,-1.5,-1.83697019872103E-16));
#3961=CARTESIAN_POINT('',(1.5,-1.5,-1.5));
#3962=CARTESIAN_POINT('',(1.5,-1.5,-1.5));
#3963=CARTESIAN_POINT('',(1.5,-1.5,-1.83697019872103E-16));
#3964=CARTESIAN_POINT('',(1.15,-1.5,-1.3055));
#3965=CARTESIAN_POINT('Origin',(1.15,-1.5,-1.35));
#3966=CARTESIAN_POINT('',(0.35,-1.5,-1.3055));
#3967=CARTESIAN_POINT('Origin',(0.35,-1.5,-1.35));
#3968=CARTESIAN_POINT('',(1.15,-1.5,-0.1055));
#3969=CARTESIAN_POINT('Origin',(1.15,-1.5,-0.15));
#3970=CARTESIAN_POINT('',(0.35,-1.5,-0.1055));
#3971=CARTESIAN_POINT('Origin',(0.35,-1.5,-0.15));
#3972=CARTESIAN_POINT('Origin',(1.5,0.,-1.5));
#3973=CARTESIAN_POINT('',(0.,0.,-1.5));
#3974=CARTESIAN_POINT('',(0.,-1.5,-1.5));
#3975=CARTESIAN_POINT('',(1.5,0.,-1.5));
#3976=CARTESIAN_POINT('',(1.5,0.,-1.5));
#3977=CARTESIAN_POINT('',(1.5,-1.5,-1.5));
#3978=CARTESIAN_POINT('',(0.51,-0.234999999999999,-1.5));
#3979=CARTESIAN_POINT('Origin',(0.51,-0.2,-1.5));
#3980=CARTESIAN_POINT('',(0.51,-1.335,-1.5));
#3981=CARTESIAN_POINT('Origin',(0.51,-1.3,-1.5));
#3982=CARTESIAN_POINT('',(0.95,-0.234999999999999,-1.5));
#3983=CARTESIAN_POINT('Origin',(0.95,-0.2,-1.5));
#3984=CARTESIAN_POINT('',(0.95,-1.335,-1.5));
#3985=CARTESIAN_POINT('Origin',(0.95,-1.3,-1.5));
#3986=CARTESIAN_POINT('',(1.2502214432769,-0.4445,-1.5));
#3987=CARTESIAN_POINT('Origin',(1.2502214432769,-0.4,-1.5));
#3988=CARTESIAN_POINT('',(0.25,-0.4445,-1.5));
#3989=CARTESIAN_POINT('Origin',(0.25,-0.4,-1.5));
#3990=CARTESIAN_POINT('',(1.2502214432769,-1.1445,-1.5));
#3991=CARTESIAN_POINT('Origin',(1.2502214432769,-1.1,-1.5));
#3992=CARTESIAN_POINT('',(0.25,-1.1445,-1.5));
#3993=CARTESIAN_POINT('Origin',(0.25,-1.1,-1.5));
#3994=CARTESIAN_POINT('',(0.15,-0.6,-1.5));
#3995=CARTESIAN_POINT('',(1.35,-0.6,-1.5));
#3996=CARTESIAN_POINT('',(0.15,-0.6,-1.5));
#3997=CARTESIAN_POINT('',(0.15,-0.9,-1.5));
#3998=CARTESIAN_POINT('',(0.15,-0.9,-1.5));
#3999=CARTESIAN_POINT('',(1.35,-0.9,-1.5));
#4000=CARTESIAN_POINT('',(0.15,-0.9,-1.5));
#4001=CARTESIAN_POINT('',(1.35,-0.9,-1.5));
#4002=CARTESIAN_POINT('Origin',(1.5,0.,0.));
#4003=CARTESIAN_POINT('',(0.,0.,-1.5));
#4004=CARTESIAN_POINT('',(1.5,0.,-1.5));
#4005=CARTESIAN_POINT('',(0.0799999999999997,5.57826617011618E-17,-0.124499999999999));
#4006=CARTESIAN_POINT('Origin',(0.0799999999999997,5.57826617011618E-17,
-0.0799999999999997));
#4007=CARTESIAN_POINT('',(1.42,5.57826617011618E-17,-0.124499999999999));
#4008=CARTESIAN_POINT('Origin',(1.42,5.57826617011618E-17,-0.0799999999999997));
#4009=CARTESIAN_POINT('',(0.0799999999999997,5.57826617011618E-17,-1.4645));
#4010=CARTESIAN_POINT('Origin',(0.0799999999999997,5.57826617011618E-17,
-1.42));
#4011=CARTESIAN_POINT('',(1.42,5.57826617011618E-17,-1.4645));
#4012=CARTESIAN_POINT('Origin',(1.42,5.57826617011618E-17,-1.42));
#4013=CARTESIAN_POINT('',(0.75,8.74191357972564E-17,-1.35));
#4014=CARTESIAN_POINT('Origin',(0.75,0.,-0.75));
#4015=CARTESIAN_POINT('Origin',(1.5,-1.5,-1.83697019872103E-16));
#4016=CARTESIAN_POINT('',(1.5,-0.2,-0.1555));
#4017=CARTESIAN_POINT('Origin',(1.5,-0.2,-0.2));
#4018=CARTESIAN_POINT('',(1.5,-0.2,-1.2555));
#4019=CARTESIAN_POINT('Origin',(1.5,-0.2,-1.3));
#4020=CARTESIAN_POINT('',(1.5,-1.3,-0.1555));
#4021=CARTESIAN_POINT('Origin',(1.5,-1.3,-0.2));
#4022=CARTESIAN_POINT('',(1.5,-1.3,-1.2555));
#4023=CARTESIAN_POINT('Origin',(1.5,-1.3,-1.3));
#4024=CARTESIAN_POINT('',(1.5,-0.75,-0.15));
#4025=CARTESIAN_POINT('Origin',(1.5,-0.75,-0.75));
#4026=CARTESIAN_POINT('Origin',(0.,-1.5,-1.83697019872103E-16));
#4027=CARTESIAN_POINT('',(-2.75545529808156E-19,-0.2,-1.3445));
#4028=CARTESIAN_POINT('Origin',(-2.75545529808156E-19,-0.2,-1.3));
#4029=CARTESIAN_POINT('',(-2.75545529808156E-19,-0.2,-0.2445));
#4030=CARTESIAN_POINT('Origin',(-2.75545529808156E-19,-0.2,-0.2));
#4031=CARTESIAN_POINT('',(-2.75545529808156E-19,-1.3,-1.3445));
#4032=CARTESIAN_POINT('Origin',(-2.75545529808156E-19,-1.3,-1.3));
#4033=CARTESIAN_POINT('',(-2.75545529808156E-19,-1.3,-0.2445));
#4034=CARTESIAN_POINT('Origin',(-2.75545529808156E-19,-1.3,-0.2));
#4035=CARTESIAN_POINT('',(0.,-0.75,-0.15));
#4036=CARTESIAN_POINT('Origin',(0.,-0.75,-0.75));
#4037=CARTESIAN_POINT('Origin',(0.,-0.75,-0.75));
#4038=CARTESIAN_POINT('',(0.15,-0.75,-0.15));
#4039=CARTESIAN_POINT('',(0.,-0.75,-0.15));
#4040=CARTESIAN_POINT('',(0.15,-0.9,-0.169052498068888));
#4041=CARTESIAN_POINT('Origin',(0.15,-0.75,-0.75));
#4042=CARTESIAN_POINT('',(1.35,-0.9,-0.169052498068888));
#4043=CARTESIAN_POINT('',(0.15,-0.9,-0.169052498068888));
#4044=CARTESIAN_POINT('',(1.35,-0.75,-0.15));
#4045=CARTESIAN_POINT('Origin',(1.35,-0.75,-0.75));
#4046=CARTESIAN_POINT('',(0.,-0.75,-0.15));
#4047=CARTESIAN_POINT('',(1.35,-0.6,-0.169052498068888));
#4048=CARTESIAN_POINT('Origin',(1.35,-0.75,-0.75));
#4049=CARTESIAN_POINT('',(0.9,-0.6,-0.169052498068888));
#4050=CARTESIAN_POINT('',(0.9,-0.6,-0.169052498068888));
#4051=CARTESIAN_POINT('',(0.9,-0.6,-1.33094750193111));
#4052=CARTESIAN_POINT('Origin',(0.75,-0.75,-0.75));
#4053=CARTESIAN_POINT('',(1.35,-0.6,-1.33094750193111));
#4054=CARTESIAN_POINT('',(0.9,-0.6,-1.33094750193111));
#4055=CARTESIAN_POINT('',(1.35,-0.9,-1.33094750193111));
#4056=CARTESIAN_POINT('Origin',(1.35,-0.75,-0.75));
#4057=CARTESIAN_POINT('',(0.15,-0.9,-1.33094750193111));
#4058=CARTESIAN_POINT('',(0.15,-0.9,-1.33094750193111));
#4059=CARTESIAN_POINT('',(0.15,-0.6,-1.33094750193111));
#4060=CARTESIAN_POINT('Origin',(0.15,-0.75,-0.75));
#4061=CARTESIAN_POINT('',(0.6,-0.6,-1.33094750193111));
#4062=CARTESIAN_POINT('',(0.15,-0.6,-1.33094750193111));
#4063=CARTESIAN_POINT('',(0.6,-0.6,-0.169052498068888));
#4064=CARTESIAN_POINT('Origin',(0.75,-0.75,-0.75));
#4065=CARTESIAN_POINT('',(0.15,-0.6,-0.169052498068888));
#4066=CARTESIAN_POINT('',(0.15,-0.6,-0.169052498068888));
#4067=CARTESIAN_POINT('Origin',(0.15,-0.75,-0.75));
#4068=CARTESIAN_POINT('Origin',(1.2,-1.3,-1.3));
#4069=CARTESIAN_POINT('',(1.17326170245327,-1.3,-1.3));
#4070=CARTESIAN_POINT('',(1.2,-1.3,-1.2555));
#4071=CARTESIAN_POINT('',(1.2,-1.3,-1.2555));
#4072=CARTESIAN_POINT('Origin',(1.2,-1.3,-1.3));
#4073=CARTESIAN_POINT('Origin',(1.5,-1.3,-1.3));
#4074=CARTESIAN_POINT('',(1.5,-1.3,-1.2555));
#4075=CARTESIAN_POINT('Origin',(1.2,-1.3,-0.2));
#4076=CARTESIAN_POINT('',(1.17326170245327,-1.3,-0.2));
#4077=CARTESIAN_POINT('',(1.2,-1.3,-0.1555));
#4078=CARTESIAN_POINT('',(1.2,-1.3,-0.1555));
#4079=CARTESIAN_POINT('Origin',(1.2,-1.3,-0.2));
#4080=CARTESIAN_POINT('Origin',(1.5,-1.3,-0.2));
#4081=CARTESIAN_POINT('',(1.5,-1.3,-0.1555));
#4082=CARTESIAN_POINT('Origin',(1.2,-0.2,-1.3));
#4083=CARTESIAN_POINT('',(1.17326170245327,-0.2,-1.3));
#4084=CARTESIAN_POINT('',(1.2,-0.2,-1.2555));
#4085=CARTESIAN_POINT('',(1.2,-0.2,-1.2555));
#4086=CARTESIAN_POINT('Origin',(1.2,-0.2,-1.3));
#4087=CARTESIAN_POINT('Origin',(1.5,-0.2,-1.3));
#4088=CARTESIAN_POINT('',(1.5,-0.2,-1.2555));
#4089=CARTESIAN_POINT('Origin',(1.2,-0.2,-0.2));
#4090=CARTESIAN_POINT('',(1.17326170245327,-0.2,-0.2));
#4091=CARTESIAN_POINT('',(1.2,-0.2,-0.1555));
#4092=CARTESIAN_POINT('',(1.2,-0.2,-0.1555));
#4093=CARTESIAN_POINT('Origin',(1.2,-0.2,-0.2));
#4094=CARTESIAN_POINT('Origin',(1.5,-0.2,-0.2));
#4095=CARTESIAN_POINT('',(1.5,-0.2,-0.1555));
#4096=CARTESIAN_POINT('Origin',(0.3,-1.3,-0.2));
#4097=CARTESIAN_POINT('',(0.326738297546726,-1.3,-0.2));
#4098=CARTESIAN_POINT('',(0.3,-1.3,-0.2445));
#4099=CARTESIAN_POINT('',(0.3,-1.3,-0.2445));
#4100=CARTESIAN_POINT('Origin',(0.3,-1.3,-0.2));
#4101=CARTESIAN_POINT('Origin',(0.,-1.3,-0.2));
#4102=CARTESIAN_POINT('',(0.,-1.3,-0.2445));
#4103=CARTESIAN_POINT('Origin',(0.3,-1.3,-1.3));
#4104=CARTESIAN_POINT('',(0.326738297546726,-1.3,-1.3));
#4105=CARTESIAN_POINT('',(0.3,-1.3,-1.3445));
#4106=CARTESIAN_POINT('',(0.3,-1.3,-1.3445));
#4107=CARTESIAN_POINT('Origin',(0.3,-1.3,-1.3));
#4108=CARTESIAN_POINT('Origin',(0.,-1.3,-1.3));
#4109=CARTESIAN_POINT('',(0.,-1.3,-1.3445));
#4110=CARTESIAN_POINT('Origin',(0.3,-0.2,-0.2));
#4111=CARTESIAN_POINT('',(0.326738297546726,-0.2,-0.2));
#4112=CARTESIAN_POINT('',(0.3,-0.2,-0.2445));
#4113=CARTESIAN_POINT('',(0.3,-0.2,-0.2445));
#4114=CARTESIAN_POINT('Origin',(0.3,-0.2,-0.2));
#4115=CARTESIAN_POINT('Origin',(0.,-0.2,-0.2));
#4116=CARTESIAN_POINT('',(0.,-0.2,-0.2445));
#4117=CARTESIAN_POINT('Origin',(0.3,-0.2,-1.3));
#4118=CARTESIAN_POINT('',(0.326738297546726,-0.2,-1.3));
#4119=CARTESIAN_POINT('',(0.3,-0.2,-1.3445));
#4120=CARTESIAN_POINT('',(0.3,-0.2,-1.3445));
#4121=CARTESIAN_POINT('Origin',(0.3,-0.2,-1.3));
#4122=CARTESIAN_POINT('Origin',(0.,-0.2,-1.3));
#4123=CARTESIAN_POINT('',(0.,-0.2,-1.3445));
#4124=CARTESIAN_POINT('Origin',(0.35,-1.2,-0.15));
#4125=CARTESIAN_POINT('',(0.35,-1.17326170245327,-0.15));
#4126=CARTESIAN_POINT('',(0.35,-1.2,-0.1055));
#4127=CARTESIAN_POINT('',(0.35,-1.2,-0.1055));
#4128=CARTESIAN_POINT('Origin',(0.35,-1.2,-0.15));
#4129=CARTESIAN_POINT('Origin',(0.35,-1.5,-0.15));
#4130=CARTESIAN_POINT('',(0.35,-1.5,-0.1055));
#4131=CARTESIAN_POINT('Origin',(1.15,-1.2,-0.15));
#4132=CARTESIAN_POINT('',(1.15,-1.17326170245327,-0.15));
#4133=CARTESIAN_POINT('',(1.15,-1.2,-0.1055));
#4134=CARTESIAN_POINT('',(1.15,-1.2,-0.1055));
#4135=CARTESIAN_POINT('Origin',(1.15,-1.2,-0.15));
#4136=CARTESIAN_POINT('Origin',(1.15,-1.5,-0.15));
#4137=CARTESIAN_POINT('',(1.15,-1.5,-0.1055));
#4138=CARTESIAN_POINT('Origin',(0.35,-1.2,-1.35));
#4139=CARTESIAN_POINT('',(0.35,-1.17326170245327,-1.35));
#4140=CARTESIAN_POINT('',(0.35,-1.2,-1.3055));
#4141=CARTESIAN_POINT('',(0.35,-1.2,-1.3055));
#4142=CARTESIAN_POINT('Origin',(0.35,-1.2,-1.35));
#4143=CARTESIAN_POINT('Origin',(0.35,-1.5,-1.35));
#4144=CARTESIAN_POINT('',(0.35,-1.5,-1.3055));
#4145=CARTESIAN_POINT('Origin',(1.15,-1.2,-1.35));
#4146=CARTESIAN_POINT('',(1.15,-1.17326170245327,-1.35));
#4147=CARTESIAN_POINT('',(1.15,-1.2,-1.3055));
#4148=CARTESIAN_POINT('',(1.15,-1.2,-1.3055));
#4149=CARTESIAN_POINT('Origin',(1.15,-1.2,-1.35));
#4150=CARTESIAN_POINT('Origin',(1.15,-1.5,-1.35));
#4151=CARTESIAN_POINT('',(1.15,-1.5,-1.3055));
#4152=CARTESIAN_POINT('Origin',(0.75,-0.75,-0.75));
#4153=CARTESIAN_POINT('',(0.75,-0.6,-1.35));
#4154=CARTESIAN_POINT('Origin',(0.75,-0.6,-0.75));
#4155=CARTESIAN_POINT('',(0.75,-0.75,-1.35));
#4156=CARTESIAN_POINT('Origin',(0.75,-0.6,-0.75));
#4157=CARTESIAN_POINT('Origin',(0.75,-0.6,-0.75));
#4158=CARTESIAN_POINT('Origin',(0.15,-0.6,2.73184799366426E-16));
#4159=CARTESIAN_POINT('',(1.35,-0.6,-7.34788079488412E-17));
#4160=CARTESIAN_POINT('',(0.15,-0.6,2.73184799366426E-16));
#4161=CARTESIAN_POINT('Origin',(1.35,-0.9,0.));
#4162=CARTESIAN_POINT('',(1.35,-0.9,0.));
#4163=CARTESIAN_POINT('Origin',(0.15,-0.9,0.));
#4164=CARTESIAN_POINT('',(0.15,-0.9,0.));
#4165=CARTESIAN_POINT('Origin',(0.15,-0.9,0.));
#4166=CARTESIAN_POINT('Origin',(0.15,-0.9,0.));
#4167=CARTESIAN_POINT('',(0.15,-0.9,-1.33094750193111));
#4168=CARTESIAN_POINT('',(0.15,-0.6,-1.33094750193111));
#4169=CARTESIAN_POINT('Origin',(0.15,-0.9,0.));
#4170=CARTESIAN_POINT('',(1.35,-0.9,-1.33094750193111));
#4171=CARTESIAN_POINT('Origin',(1.35,-0.9,0.));
#4172=CARTESIAN_POINT('',(1.35,-0.6,-1.33094750193111));
#4173=CARTESIAN_POINT('Origin',(0.15,-0.6,2.73184799366426E-16));
#4174=CARTESIAN_POINT('Origin',(0.25,-1.1,-1.28));
#4175=CARTESIAN_POINT('',(0.25,-1.1,-1.25326170245327));
#4176=CARTESIAN_POINT('',(0.25,-1.1445,-1.28));
#4177=CARTESIAN_POINT('',(0.25,-1.1445,-1.28));
#4178=CARTESIAN_POINT('Origin',(0.25,-1.1,-1.28));
#4179=CARTESIAN_POINT('Origin',(0.25,-1.1,-1.5));
#4180=CARTESIAN_POINT('',(0.25,-1.1445,-1.5));
#4181=CARTESIAN_POINT('Origin',(1.2502214432769,-1.1,-1.28));
#4182=CARTESIAN_POINT('',(1.2502214432769,-1.1,-1.25326170245327));
#4183=CARTESIAN_POINT('',(1.2502214432769,-1.1445,-1.28));
#4184=CARTESIAN_POINT('',(1.2502214432769,-1.1445,-1.28));
#4185=CARTESIAN_POINT('Origin',(1.2502214432769,-1.1,-1.28));
#4186=CARTESIAN_POINT('Origin',(1.2502214432769,-1.1,-1.5));
#4187=CARTESIAN_POINT('',(1.2502214432769,-1.1445,-1.5));
#4188=CARTESIAN_POINT('Origin',(0.25,-0.4,-1.28));
#4189=CARTESIAN_POINT('',(0.25,-0.4,-1.25326170245327));
#4190=CARTESIAN_POINT('',(0.25,-0.4445,-1.28));
#4191=CARTESIAN_POINT('',(0.25,-0.4445,-1.28));
#4192=CARTESIAN_POINT('Origin',(0.25,-0.4,-1.28));
#4193=CARTESIAN_POINT('Origin',(0.25,-0.4,-1.5));
#4194=CARTESIAN_POINT('',(0.25,-0.4445,-1.5));
#4195=CARTESIAN_POINT('Origin',(1.2502214432769,-0.4,-1.28));
#4196=CARTESIAN_POINT('',(1.2502214432769,-0.4,-1.25326170245327));
#4197=CARTESIAN_POINT('',(1.2502214432769,-0.4445,-1.28));
#4198=CARTESIAN_POINT('',(1.2502214432769,-0.4445,-1.28));
#4199=CARTESIAN_POINT('Origin',(1.2502214432769,-0.4,-1.28));
#4200=CARTESIAN_POINT('Origin',(1.2502214432769,-0.4,-1.5));
#4201=CARTESIAN_POINT('',(1.2502214432769,-0.4445,-1.5));
#4202=CARTESIAN_POINT('Origin',(1.25,-0.4,-0.22));
#4203=CARTESIAN_POINT('',(1.25,-0.4,-0.246738297546726));
#4204=CARTESIAN_POINT('',(1.2055,-0.4,-0.22));
#4205=CARTESIAN_POINT('',(1.2055,-0.4,-0.22));
#4206=CARTESIAN_POINT('Origin',(1.25,-0.4,-0.22));
#4207=CARTESIAN_POINT('Origin',(1.25,-0.4,0.));
#4208=CARTESIAN_POINT('',(1.2055,-0.4,0.));
#4209=CARTESIAN_POINT('Origin',(0.25,-0.4,-0.22));
#4210=CARTESIAN_POINT('',(0.25,-0.4,-0.246738297546726));
#4211=CARTESIAN_POINT('',(0.2055,-0.4,-0.22));
#4212=CARTESIAN_POINT('',(0.2055,-0.4,-0.22));
#4213=CARTESIAN_POINT('Origin',(0.25,-0.4,-0.22));
#4214=CARTESIAN_POINT('Origin',(0.25,-0.4,0.));
#4215=CARTESIAN_POINT('',(0.2055,-0.4,0.));
#4216=CARTESIAN_POINT('Origin',(0.25,-1.1,-0.22));
#4217=CARTESIAN_POINT('',(0.25,-1.1,-0.246738297546726));
#4218=CARTESIAN_POINT('',(0.2055,-1.1,-0.22));
#4219=CARTESIAN_POINT('',(0.2055,-1.1,-0.22));
#4220=CARTESIAN_POINT('Origin',(0.25,-1.1,-0.22));
#4221=CARTESIAN_POINT('Origin',(0.25,-1.1,0.));
#4222=CARTESIAN_POINT('',(0.2055,-1.1,0.));
#4223=CARTESIAN_POINT('Origin',(1.25,-1.1,-0.22));
#4224=CARTESIAN_POINT('',(1.25,-1.1,-0.246738297546726));
#4225=CARTESIAN_POINT('',(1.2055,-1.1,-0.22));
#4226=CARTESIAN_POINT('',(1.2055,-1.1,-0.22));
#4227=CARTESIAN_POINT('Origin',(1.25,-1.1,-0.22));
#4228=CARTESIAN_POINT('Origin',(1.25,-1.1,0.));
#4229=CARTESIAN_POINT('',(1.2055,-1.1,0.));
#4230=CARTESIAN_POINT('Origin',(1.42,-0.3,-1.42));
#4231=CARTESIAN_POINT('',(1.42,-0.326738297546726,-1.42));
#4232=CARTESIAN_POINT('',(1.42,-0.3,-1.4645));
#4233=CARTESIAN_POINT('',(1.42,-0.3,-1.4645));
#4234=CARTESIAN_POINT('Origin',(1.42,-0.3,-1.42));
#4235=CARTESIAN_POINT('Origin',(1.42,0.,-1.42));
#4236=CARTESIAN_POINT('',(1.42,0.,-1.4645));
#4237=CARTESIAN_POINT('Origin',(0.0799999999999997,-0.3,-1.42));
#4238=CARTESIAN_POINT('',(0.0799999999999996,-0.326738297546726,-1.42));
#4239=CARTESIAN_POINT('',(0.0799999999999997,-0.3,-1.4645));
#4240=CARTESIAN_POINT('',(0.0799999999999997,-0.3,-1.4645));
#4241=CARTESIAN_POINT('Origin',(0.0799999999999997,-0.3,-1.42));
#4242=CARTESIAN_POINT('Origin',(0.0799999999999997,0.,-1.42));
#4243=CARTESIAN_POINT('',(0.0799999999999997,0.,-1.4645));
#4244=CARTESIAN_POINT('Origin',(1.42,-0.3,-0.0799999999999997));
#4245=CARTESIAN_POINT('',(1.42,-0.326738297546726,-0.0799999999999997));
#4246=CARTESIAN_POINT('',(1.42,-0.3,-0.124499999999999));
#4247=CARTESIAN_POINT('',(1.42,-0.3,-0.124499999999999));
#4248=CARTESIAN_POINT('Origin',(1.42,-0.3,-0.0799999999999997));
#4249=CARTESIAN_POINT('Origin',(1.42,0.,-0.0799999999999997));
#4250=CARTESIAN_POINT('',(1.42,0.,-0.124499999999999));
#4251=CARTESIAN_POINT('Origin',(0.0799999999999997,-0.3,-0.0799999999999997));
#4252=CARTESIAN_POINT('',(0.0799999999999996,-0.326738297546726,-0.0799999999999997));
#4253=CARTESIAN_POINT('',(0.0799999999999997,-0.3,-0.124499999999999));
#4254=CARTESIAN_POINT('',(0.0799999999999997,-0.3,-0.124499999999999));
#4255=CARTESIAN_POINT('Origin',(0.0799999999999997,-0.3,-0.0799999999999997));
#4256=CARTESIAN_POINT('Origin',(0.0799999999999997,0.,-0.0799999999999997));
#4257=CARTESIAN_POINT('',(0.0799999999999997,0.,-0.124499999999999));
#4258=CARTESIAN_POINT('Origin',(0.95,-1.3,-0.15));
#4259=CARTESIAN_POINT('',(0.95,-1.3,-0.171030121665965));
#4260=CARTESIAN_POINT('',(0.915,-1.3,-0.15));
#4261=CARTESIAN_POINT('',(0.915,-1.3,-0.15));
#4262=CARTESIAN_POINT('Origin',(0.95,-1.3,-0.15));
#4263=CARTESIAN_POINT('Origin',(0.95,-1.3,0.));
#4264=CARTESIAN_POINT('',(0.915,-1.3,0.));
#4265=CARTESIAN_POINT('Origin',(0.95,-0.2,-0.15));
#4266=CARTESIAN_POINT('',(0.95,-0.2,-0.171030121665964));
#4267=CARTESIAN_POINT('',(0.915,-0.2,-0.15));
#4268=CARTESIAN_POINT('',(0.915,-0.2,-0.15));
#4269=CARTESIAN_POINT('Origin',(0.95,-0.2,-0.15));
#4270=CARTESIAN_POINT('Origin',(0.95,-0.2,1.34711147906209E-16));
#4271=CARTESIAN_POINT('',(0.915,-0.2,1.34711147906209E-16));
#4272=CARTESIAN_POINT('Origin',(0.51,-1.3,-0.15));
#4273=CARTESIAN_POINT('',(0.51,-1.3,-0.171030121665965));
#4274=CARTESIAN_POINT('',(0.475,-1.3,-0.15));
#4275=CARTESIAN_POINT('',(0.475,-1.3,-0.15));
#4276=CARTESIAN_POINT('Origin',(0.51,-1.3,-0.15));
#4277=CARTESIAN_POINT('Origin',(0.51,-1.3,0.));
#4278=CARTESIAN_POINT('',(0.475,-1.3,0.));
#4279=CARTESIAN_POINT('Origin',(0.51,-0.2,-0.15));
#4280=CARTESIAN_POINT('',(0.51,-0.2,-0.171030121665964));
#4281=CARTESIAN_POINT('',(0.475,-0.2,-0.15));
#4282=CARTESIAN_POINT('',(0.475,-0.2,-0.15));
#4283=CARTESIAN_POINT('Origin',(0.51,-0.2,-0.15));
#4284=CARTESIAN_POINT('Origin',(0.51,-0.2,1.34711147906209E-16));
#4285=CARTESIAN_POINT('',(0.475,-0.2,1.34711147906209E-16));
#4286=CARTESIAN_POINT('Origin',(0.95,-1.3,-1.37));
#4287=CARTESIAN_POINT('',(0.95,-1.3,-1.34896987833404));
#4288=CARTESIAN_POINT('',(0.95,-1.335,-1.37));
#4289=CARTESIAN_POINT('',(0.95,-1.335,-1.37));
#4290=CARTESIAN_POINT('Origin',(0.95,-1.3,-1.37));
#4291=CARTESIAN_POINT('Origin',(0.95,-1.3,-1.5));
#4292=CARTESIAN_POINT('',(0.95,-1.335,-1.5));
#4293=CARTESIAN_POINT('Origin',(0.95,-0.2,-1.37));
#4294=CARTESIAN_POINT('',(0.95,-0.2,-1.34896987833404));
#4295=CARTESIAN_POINT('',(0.95,-0.235,-1.37));
#4296=CARTESIAN_POINT('',(0.95,-0.235,-1.37));
#4297=CARTESIAN_POINT('Origin',(0.95,-0.2,-1.37));
#4298=CARTESIAN_POINT('Origin',(0.95,-0.2,-1.5));
#4299=CARTESIAN_POINT('',(0.95,-0.235,-1.5));
#4300=CARTESIAN_POINT('Origin',(0.51,-1.3,-1.37));
#4301=CARTESIAN_POINT('',(0.51,-1.3,-1.34896987833404));
#4302=CARTESIAN_POINT('',(0.51,-1.335,-1.37));
#4303=CARTESIAN_POINT('',(0.51,-1.335,-1.37));
#4304=CARTESIAN_POINT('Origin',(0.51,-1.3,-1.37));
#4305=CARTESIAN_POINT('Origin',(0.51,-1.3,-1.5));
#4306=CARTESIAN_POINT('',(0.51,-1.335,-1.5));
#4307=CARTESIAN_POINT('Origin',(0.51,-0.2,-1.37));
#4308=CARTESIAN_POINT('',(0.51,-0.2,-1.34896987833404));
#4309=CARTESIAN_POINT('',(0.51,-0.235,-1.37));
#4310=CARTESIAN_POINT('',(0.51,-0.235,-1.37));
#4311=CARTESIAN_POINT('Origin',(0.51,-0.2,-1.37));
#4312=CARTESIAN_POINT('Origin',(0.51,-0.2,-1.5));
#4313=CARTESIAN_POINT('',(0.51,-0.235,-1.5));
#4314=CARTESIAN_POINT('',(0.,0.,0.));
#4315=CARTESIAN_POINT('Origin',(0.,0.9,0.05));
#4316=CARTESIAN_POINT('',(0.,0.9,0.));
#4317=CARTESIAN_POINT('',(1.5,0.9,0.));
#4318=CARTESIAN_POINT('',(0.,0.9,0.));
#4319=CARTESIAN_POINT('',(0.,0.9,0.05));
#4320=CARTESIAN_POINT('',(0.,0.9,0.05));
#4321=CARTESIAN_POINT('',(1.5,0.9,0.05));
#4322=CARTESIAN_POINT('',(0.,0.9,0.05));
#4323=CARTESIAN_POINT('',(1.5,0.9,0.05));
#4324=CARTESIAN_POINT('Origin',(0.,0.9,0.05));
#4325=CARTESIAN_POINT('',(0.,0.,0.));
#4326=CARTESIAN_POINT('',(0.,0.9,0.));
#4327=CARTESIAN_POINT('',(0.,0.,0.05));
#4328=CARTESIAN_POINT('',(0.,0.,0.05));
#4329=CARTESIAN_POINT('',(0.,0.9,0.05));
#4330=CARTESIAN_POINT('Origin',(0.,0.,0.05));
#4331=CARTESIAN_POINT('',(1.5,0.,0.));
#4332=CARTESIAN_POINT('',(0.,0.,0.));
#4333=CARTESIAN_POINT('',(1.5,0.,0.05));
#4334=CARTESIAN_POINT('',(1.5,0.,0.05));
#4335=CARTESIAN_POINT('',(0.,0.,0.05));
#4336=CARTESIAN_POINT('Origin',(1.5,0.9,0.05));
#4337=CARTESIAN_POINT('',(1.5,0.9,0.));
#4338=CARTESIAN_POINT('',(1.5,0.9,0.05));
#4339=CARTESIAN_POINT('Origin',(0.,0.,0.05));
#4340=CARTESIAN_POINT('',(1.18575,0.1,0.05));
#4341=CARTESIAN_POINT('Origin',(1.25,0.1,0.05));
#4342=CARTESIAN_POINT('',(1.18575,0.8,0.05));
#4343=CARTESIAN_POINT('Origin',(1.25,0.8,0.05));
#4344=CARTESIAN_POINT('',(0.18575,0.1,0.05));
#4345=CARTESIAN_POINT('Origin',(0.25,0.1,0.05));
#4346=CARTESIAN_POINT('',(0.18575,0.8,0.05));
#4347=CARTESIAN_POINT('Origin',(0.25,0.8,0.05));
#4348=CARTESIAN_POINT('',(1.35,0.6,0.05));
#4349=CARTESIAN_POINT('',(0.15,0.6,0.05));
#4350=CARTESIAN_POINT('',(1.35,0.6,0.05));
#4351=CARTESIAN_POINT('',(1.35,0.3,0.05));
#4352=CARTESIAN_POINT('',(1.35,0.3,0.05));
#4353=CARTESIAN_POINT('',(0.15,0.3,0.05));
#4354=CARTESIAN_POINT('',(0.15,0.3,0.05));
#4355=CARTESIAN_POINT('',(0.15,0.6,0.05));
#4356=CARTESIAN_POINT('Origin',(0.,0.,0.));
#4357=CARTESIAN_POINT('',(1.18575,0.1,-1.09273919746571E-17));
#4358=CARTESIAN_POINT('Origin',(1.25,0.1,-8.53702498020082E-18));
#4359=CARTESIAN_POINT('',(1.18575,0.8,-1.09273919746571E-17));
#4360=CARTESIAN_POINT('Origin',(1.25,0.8,-8.53702498020082E-18));
#4361=CARTESIAN_POINT('',(0.18575,0.1,-1.09273919746571E-17));
#4362=CARTESIAN_POINT('Origin',(0.25,0.1,-8.53702498020082E-18));
#4363=CARTESIAN_POINT('',(0.18575,0.8,-1.09273919746571E-17));
#4364=CARTESIAN_POINT('Origin',(0.25,0.8,-8.53702498020082E-18));
#4365=CARTESIAN_POINT('',(1.35,0.3,0.));
#4366=CARTESIAN_POINT('',(1.35,0.6,0.));
#4367=CARTESIAN_POINT('',(1.35,0.3,0.));
#4368=CARTESIAN_POINT('',(0.15,0.6,0.));
#4369=CARTESIAN_POINT('',(1.35,0.6,0.));
#4370=CARTESIAN_POINT('',(0.15,0.3,0.));
#4371=CARTESIAN_POINT('',(0.15,0.6,0.));
#4372=CARTESIAN_POINT('',(0.15,0.3,0.));
#4373=CARTESIAN_POINT('Origin',(1.35,0.6,0.));
#4374=CARTESIAN_POINT('',(1.35,0.6,0.));
#4375=CARTESIAN_POINT('',(1.35,0.3,0.));
#4376=CARTESIAN_POINT('Origin',(0.15,0.3,0.));
#4377=CARTESIAN_POINT('',(0.15,0.3,0.));
#4378=CARTESIAN_POINT('Origin',(0.15,0.6,0.));
#4379=CARTESIAN_POINT('',(0.15,0.6,0.));
#4380=CARTESIAN_POINT('Origin',(0.15,0.6,0.));
#4381=CARTESIAN_POINT('Origin',(0.25,0.8,0.05));
#4382=CARTESIAN_POINT('',(0.18575,0.8,0.05));
#4383=CARTESIAN_POINT('Origin',(0.25,0.1,0.05));
#4384=CARTESIAN_POINT('',(0.18575,0.1,0.05));
#4385=CARTESIAN_POINT('Origin',(1.25,0.8,0.05));
#4386=CARTESIAN_POINT('',(1.18575,0.8,0.05));
#4387=CARTESIAN_POINT('Origin',(1.25,0.1,0.05));
#4388=CARTESIAN_POINT('',(1.18575,0.1,0.05));
#4389=CARTESIAN_POINT('',(0.,0.,0.));
#4390=CARTESIAN_POINT('Origin',(0.,0.,0.));
#4391=CARTESIAN_POINT('',(-0.0625,-7.65404249467096E-18,-0.2));
#4392=CARTESIAN_POINT('Origin',(0.,0.,-0.2));
#4393=CARTESIAN_POINT('',(-0.0625,-7.65404249467096E-18,0.01));
#4394=CARTESIAN_POINT('',(-0.0625,-7.65404249467096E-18,0.));
#4395=CARTESIAN_POINT('Origin',(0.,0.,0.01));
#4396=CARTESIAN_POINT('Origin',(0.75,-0.75,0.05));
#4397=CARTESIAN_POINT('',(0.75,-0.75,-0.2));
#4398=CARTESIAN_POINT('',(0.75,0.75,-0.2));
#4399=CARTESIAN_POINT('',(0.75,-0.75,-0.2));
#4400=CARTESIAN_POINT('',(0.75,0.75,0.05));
#4401=CARTESIAN_POINT('',(0.75,0.75,0.05));
#4402=CARTESIAN_POINT('',(0.75,-0.75,0.05));
#4403=CARTESIAN_POINT('',(0.75,-0.75,0.05));
#4404=CARTESIAN_POINT('',(0.75,-0.75,0.05));
#4405=CARTESIAN_POINT('Origin',(-0.75,0.75,0.05));
#4406=CARTESIAN_POINT('',(-0.75,0.75,-0.2));
#4407=CARTESIAN_POINT('',(0.749999999999999,0.75,-0.2));
#4408=CARTESIAN_POINT('',(-0.75,0.75,0.05));
#4409=CARTESIAN_POINT('',(-0.75,0.75,0.05));
#4410=CARTESIAN_POINT('',(0.749999999999999,0.75,0.05));
#4411=CARTESIAN_POINT('Origin',(-0.75,-0.75,0.05));
#4412=CARTESIAN_POINT('',(-0.75,-0.75,-0.2));
#4413=CARTESIAN_POINT('',(-0.75,0.749999999999999,-0.2));
#4414=CARTESIAN_POINT('',(-0.75,-0.75,0.05));
#4415=CARTESIAN_POINT('',(-0.75,-0.75,0.05));
#4416=CARTESIAN_POINT('',(-0.75,0.749999999999999,0.05));
#4417=CARTESIAN_POINT('Origin',(-0.75,-0.75,0.05));
#4418=CARTESIAN_POINT('',(-0.75,-0.75,-0.2));
#4419=CARTESIAN_POINT('',(-0.75,-0.75,0.05));
#4420=CARTESIAN_POINT('Origin',(0.749999999999999,0.75,0.05));
#4421=CARTESIAN_POINT('',(0.48575,-0.55,0.0500000000000001));
#4422=CARTESIAN_POINT('Origin',(0.55,-0.55,0.0500000000000001));
#4423=CARTESIAN_POINT('',(-0.61425,-0.55,0.0500000000000001));
#4424=CARTESIAN_POINT('Origin',(-0.55,-0.55,0.0500000000000001));
#4425=CARTESIAN_POINT('',(0.48575,0.55,0.0500000000000001));
#4426=CARTESIAN_POINT('Origin',(0.55,0.55,0.0500000000000001));
#4427=CARTESIAN_POINT('',(-0.61425,0.55,0.0500000000000001));
#4428=CARTESIAN_POINT('Origin',(-0.55,0.55,0.0500000000000001));
#4429=CARTESIAN_POINT('',(-0.6,-7.34788079488412E-17,0.05));
#4430=CARTESIAN_POINT('Origin',(0.,0.,0.05));
#4431=CARTESIAN_POINT('Origin',(0.749999999999999,0.75,-0.2));
#4432=CARTESIAN_POINT('',(0.48575,-0.55,-0.2));
#4433=CARTESIAN_POINT('Origin',(0.55,-0.55,-0.2));
#4434=CARTESIAN_POINT('',(-0.61425,-0.55,-0.2));
#4435=CARTESIAN_POINT('Origin',(-0.55,-0.55,-0.2));
#4436=CARTESIAN_POINT('',(0.48575,0.55,-0.2));
#4437=CARTESIAN_POINT('Origin',(0.55,0.55,-0.2));
#4438=CARTESIAN_POINT('',(-0.61425,0.55,-0.2));
#4439=CARTESIAN_POINT('Origin',(-0.55,0.55,-0.2));
#4440=CARTESIAN_POINT('Origin',(0.,0.,0.01));
#4441=CARTESIAN_POINT('',(-0.6,-7.34788079488412E-17,0.01));
#4442=CARTESIAN_POINT('Origin',(0.,0.,0.01));
#4443=CARTESIAN_POINT('Origin',(0.,0.,0.01));
#4444=CARTESIAN_POINT('',(-0.6,-7.34788079488412E-17,0.01));
#4445=CARTESIAN_POINT('Origin',(-0.55,0.55,0.05));
#4446=CARTESIAN_POINT('',(-0.61425,0.55,0.05));
#4447=CARTESIAN_POINT('Origin',(0.55,0.55,0.05));
#4448=CARTESIAN_POINT('',(0.48575,0.55,0.05));
#4449=CARTESIAN_POINT('Origin',(-0.55,-0.55,0.05));
#4450=CARTESIAN_POINT('',(-0.61425,-0.55,0.05));
#4451=CARTESIAN_POINT('Origin',(0.55,-0.55,0.05));
#4452=CARTESIAN_POINT('',(0.48575,-0.55,0.05));
#4453=CARTESIAN_POINT('',(0.,0.,0.));
#4454=CARTESIAN_POINT('Origin',(0.,0.,0.04));
#4455=CARTESIAN_POINT('',(2.73184799366426E-16,0.482126,0.));
#4456=CARTESIAN_POINT('',(0.,0.,0.));
#4457=CARTESIAN_POINT('',(2.73184799366426E-16,0.482126,0.));
#4458=CARTESIAN_POINT('',(0.,0.,0.04));
#4459=CARTESIAN_POINT('',(0.,0.,0.04));
#4460=CARTESIAN_POINT('',(2.73184799366426E-16,0.482126,0.04));
#4461=CARTESIAN_POINT('',(2.73184799366426E-16,0.482126,0.04));
#4462=CARTESIAN_POINT('',(2.73184799366426E-16,0.482126,0.04));
#4463=CARTESIAN_POINT('Origin',(0.,0.,0.04));
#4464=CARTESIAN_POINT('',(1.42,0.,0.));
#4465=CARTESIAN_POINT('',(0.,0.,0.));
#4466=CARTESIAN_POINT('',(1.42,0.,0.04));
#4467=CARTESIAN_POINT('',(1.42,0.,0.04));
#4468=CARTESIAN_POINT('',(0.,0.,0.04));
#4469=CARTESIAN_POINT('Origin',(1.42,0.,0.04));
#4470=CARTESIAN_POINT('',(1.42,0.482126,0.));
#4471=CARTESIAN_POINT('',(1.42,0.,0.));
#4472=CARTESIAN_POINT('',(1.42,0.482126,0.04));
#4473=CARTESIAN_POINT('',(1.42,0.482126,0.04));
#4474=CARTESIAN_POINT('',(1.42,0.,0.04));
#4475=CARTESIAN_POINT('Origin',(2.73184799366426E-16,0.482126,0.04));
#4476=CARTESIAN_POINT('',(1.42,0.482126,0.));
#4477=CARTESIAN_POINT('',(1.42,0.482126,0.04));
#4478=CARTESIAN_POINT('Origin',(0.,0.,0.04));
#4479=CARTESIAN_POINT('Origin',(0.,0.,0.));
#4480=CARTESIAN_POINT('',(0.,0.,0.));
#4481=CARTESIAN_POINT('Origin',(0.,1.5,0.05));
#4482=CARTESIAN_POINT('',(0.,1.5,-0.2));
#4483=CARTESIAN_POINT('',(5.46369598732853E-16,0.,-0.2));
#4484=CARTESIAN_POINT('',(0.,1.5,-0.2));
#4485=CARTESIAN_POINT('',(5.46369598732853E-16,0.,0.05));
#4486=CARTESIAN_POINT('',(5.46369598732853E-16,0.,0.05));
#4487=CARTESIAN_POINT('',(0.,1.5,0.05));
#4488=CARTESIAN_POINT('',(0.,1.5,0.05));
#4489=CARTESIAN_POINT('',(0.,1.5,0.05));
#4490=CARTESIAN_POINT('Origin',(5.46369598732853E-16,0.,0.05));
#4491=CARTESIAN_POINT('',(1.5,0.,-0.2));
#4492=CARTESIAN_POINT('',(5.46369598732853E-16,0.,-0.2));
#4493=CARTESIAN_POINT('',(1.5,0.,0.05));
#4494=CARTESIAN_POINT('',(1.5,0.,0.05));
#4495=CARTESIAN_POINT('',(5.46369598732853E-16,0.,0.05));
#4496=CARTESIAN_POINT('Origin',(1.5,1.5,0.05));
#4497=CARTESIAN_POINT('',(1.5,1.5,-0.2));
#4498=CARTESIAN_POINT('',(1.5,5.46369598732853E-16,-0.2));
#4499=CARTESIAN_POINT('',(1.5,1.5,0.05));
#4500=CARTESIAN_POINT('',(1.5,1.5,0.05));
#4501=CARTESIAN_POINT('',(1.5,5.46369598732853E-16,0.05));
#4502=CARTESIAN_POINT('Origin',(0.,1.5,0.05));
#4503=CARTESIAN_POINT('',(1.5,1.5,-0.2));
#4504=CARTESIAN_POINT('',(1.5,1.5,0.05));
#4505=CARTESIAN_POINT('Origin',(0.,0.,0.05));
#4506=CARTESIAN_POINT('',(1.362,0.0799999999999997,0.05));
#4507=CARTESIAN_POINT('Origin',(1.42,0.0799999999999997,0.05));
#4508=CARTESIAN_POINT('',(1.362,1.42,0.05));
#4509=CARTESIAN_POINT('Origin',(1.42,1.42,0.05));
#4510=CARTESIAN_POINT('',(0.0220000000000005,0.0799999999999997,0.05));
#4511=CARTESIAN_POINT('Origin',(0.0800000000000005,0.0799999999999997,0.05));
#4512=CARTESIAN_POINT('',(0.022,1.42,0.05));
#4513=CARTESIAN_POINT('Origin',(0.08,1.42,0.05));
#4514=CARTESIAN_POINT('Origin',(0.,0.,-0.2));
#4515=CARTESIAN_POINT('',(1.362,0.0799999999999997,-0.2));
#4516=CARTESIAN_POINT('Origin',(1.42,0.0799999999999997,-0.2));
#4517=CARTESIAN_POINT('',(1.362,1.42,-0.2));
#4518=CARTESIAN_POINT('Origin',(1.42,1.42,-0.2));
#4519=CARTESIAN_POINT('',(0.0220000000000005,0.0799999999999997,-0.2));
#4520=CARTESIAN_POINT('Origin',(0.0800000000000005,0.0799999999999997,-0.2));
#4521=CARTESIAN_POINT('',(0.022,1.42,-0.2));
#4522=CARTESIAN_POINT('Origin',(0.08,1.42,-0.2));
#4523=CARTESIAN_POINT('Origin',(0.08,1.42,0.05));
#4524=CARTESIAN_POINT('',(0.022,1.42,0.05));
#4525=CARTESIAN_POINT('Origin',(0.0800000000000005,0.0799999999999997,0.05));
#4526=CARTESIAN_POINT('',(0.0220000000000005,0.0799999999999997,0.05));
#4527=CARTESIAN_POINT('Origin',(1.42,1.42,0.05));
#4528=CARTESIAN_POINT('',(1.362,1.42,0.05));
#4529=CARTESIAN_POINT('Origin',(1.42,0.0799999999999997,0.05));
#4530=CARTESIAN_POINT('',(1.362,0.0799999999999997,0.05));
#4531=CARTESIAN_POINT('',(0.,0.,0.));
#4532=CARTESIAN_POINT('Origin',(0.75,0.75,0.3));
#4533=CARTESIAN_POINT('',(0.75,-0.75,0.3));
#4534=CARTESIAN_POINT('',(0.75,0.75,0.3));
#4535=CARTESIAN_POINT('',(0.75,-0.75,0.3));
#4536=CARTESIAN_POINT('',(-0.75,0.75,0.3));
#4537=CARTESIAN_POINT('',(0.75,0.75,0.3));
#4538=CARTESIAN_POINT('',(-0.75,-0.75,0.3));
#4539=CARTESIAN_POINT('',(-0.75,0.749999999999999,0.3));
#4540=CARTESIAN_POINT('',(-0.75,-0.75,0.3));
#4541=CARTESIAN_POINT('',(-0.4,-4.89858719658941E-17,0.3));
#4542=CARTESIAN_POINT('Origin',(0.,0.,0.3));
#4543=CARTESIAN_POINT('',(-0.65,0.55,0.3));
#4544=CARTESIAN_POINT('Origin',(-0.55,0.55,0.3));
#4545=CARTESIAN_POINT('',(0.45,0.55,0.3));
#4546=CARTESIAN_POINT('Origin',(0.55,0.55,0.3));
#4547=CARTESIAN_POINT('',(-0.65,-0.55,0.3));
#4548=CARTESIAN_POINT('Origin',(-0.55,-0.55,0.3));
#4549=CARTESIAN_POINT('',(0.45,-0.55,0.3));
#4550=CARTESIAN_POINT('Origin',(0.55,-0.55,0.3));
#4551=CARTESIAN_POINT('',(-0.0444999999999998,0.6,0.3));
#4552=CARTESIAN_POINT('Origin',(1.36592399683213E-16,0.6,0.3));
#4553=CARTESIAN_POINT('',(-0.6445,-1.96374729523862E-15,0.3));
#4554=CARTESIAN_POINT('Origin',(-0.6,-1.95829761698242E-15,0.3));
#4555=CARTESIAN_POINT('',(-0.0445000000000001,-0.6,0.3));
#4556=CARTESIAN_POINT('Origin',(-1.36592399683213E-16,-0.6,0.3));
#4557=CARTESIAN_POINT('',(0.5555,6.14262797205747E-15,0.3));
#4558=CARTESIAN_POINT('Origin',(0.6,6.14807765031367E-15,0.3));
#4559=CARTESIAN_POINT('Origin',(0.55,-0.55,0.3));
#4560=CARTESIAN_POINT('',(0.485750000000001,-0.55,4.37095678986282E-17));
#4561=CARTESIAN_POINT('Origin',(0.55,-0.55,3.41480999208033E-17));
#4562=CARTESIAN_POINT('',(0.485750000000001,-0.55,0.15));
#4563=CARTESIAN_POINT('',(0.485750000000001,-0.55,0.3));
#4564=CARTESIAN_POINT('Origin',(0.55,-0.55,0.15));
#4565=CARTESIAN_POINT('Origin',(-0.55,-0.55,0.3));
#4566=CARTESIAN_POINT('',(-0.61425,-0.55,4.37095678986282E-17));
#4567=CARTESIAN_POINT('Origin',(-0.55,-0.55,3.41480999208033E-17));
#4568=CARTESIAN_POINT('',(-0.61425,-0.55,0.15));
#4569=CARTESIAN_POINT('',(-0.61425,-0.55,0.3));
#4570=CARTESIAN_POINT('Origin',(-0.55,-0.55,0.15));
#4571=CARTESIAN_POINT('Origin',(0.55,0.55,0.3));
#4572=CARTESIAN_POINT('',(0.485750000000001,0.55,4.37095678986282E-17));
#4573=CARTESIAN_POINT('Origin',(0.55,0.55,3.41480999208033E-17));
#4574=CARTESIAN_POINT('',(0.485750000000001,0.55,0.15));
#4575=CARTESIAN_POINT('',(0.485750000000001,0.55,0.3));
#4576=CARTESIAN_POINT('Origin',(0.55,0.55,0.15));
#4577=CARTESIAN_POINT('Origin',(-0.55,0.55,0.3));
#4578=CARTESIAN_POINT('',(-0.61425,0.55,4.37095678986282E-17));
#4579=CARTESIAN_POINT('Origin',(-0.55,0.55,3.41480999208033E-17));
#4580=CARTESIAN_POINT('',(-0.61425,0.55,0.15));
#4581=CARTESIAN_POINT('',(-0.61425,0.55,0.3));
#4582=CARTESIAN_POINT('Origin',(-0.55,0.55,0.15));
#4583=CARTESIAN_POINT('Origin',(0.,0.,0.));
#4584=CARTESIAN_POINT('',(-0.05,-6.12323399573677E-18,0.));
#4585=CARTESIAN_POINT('Origin',(0.,0.,0.));
#4586=CARTESIAN_POINT('',(-0.05,-6.12323399573677E-18,0.05));
#4587=CARTESIAN_POINT('',(-0.05,-6.12323399573677E-18,0.));
#4588=CARTESIAN_POINT('Origin',(0.,0.,0.05));
#4589=CARTESIAN_POINT('Origin',(0.75,-0.75,0.3));
#4590=CARTESIAN_POINT('',(0.75,-0.75,0.));
#4591=CARTESIAN_POINT('',(0.75,0.75,0.));
#4592=CARTESIAN_POINT('',(0.75,-0.75,0.));
#4593=CARTESIAN_POINT('',(0.75,0.75,0.3));
#4594=CARTESIAN_POINT('',(0.75,-0.75,0.3));
#4595=CARTESIAN_POINT('',(0.75,0.25,0.18125));
#4596=CARTESIAN_POINT('Origin',(0.75,0.25,0.15));
#4597=CARTESIAN_POINT('Origin',(-0.75,0.75,0.3));
#4598=CARTESIAN_POINT('',(-0.75,0.75,0.));
#4599=CARTESIAN_POINT('',(0.75,0.75,0.));
#4600=CARTESIAN_POINT('',(-0.75,0.75,0.3));
#4601=CARTESIAN_POINT('Origin',(-0.75,-0.75,0.3));
#4602=CARTESIAN_POINT('',(-0.75,-0.75,0.));
#4603=CARTESIAN_POINT('',(-0.75,0.749999999999999,0.));
#4604=CARTESIAN_POINT('',(-0.75,-0.75,0.3));
#4605=CARTESIAN_POINT('Origin',(-0.75,-0.75,0.3));
#4606=CARTESIAN_POINT('',(-0.75,-0.75,0.));
#4607=CARTESIAN_POINT('Origin',(0.75,0.75,0.));
#4608=CARTESIAN_POINT('',(0.5555,6.14262797205747E-15,0.));
#4609=CARTESIAN_POINT('Origin',(0.6,6.14807765031367E-15,0.));
#4610=CARTESIAN_POINT('',(-0.0445000000000001,-0.6,0.));
#4611=CARTESIAN_POINT('Origin',(-1.36592399683213E-16,-0.6,0.));
#4612=CARTESIAN_POINT('',(-0.6445,-1.96374729523862E-15,0.));
#4613=CARTESIAN_POINT('Origin',(-0.6,-1.95829761698242E-15,0.));
#4614=CARTESIAN_POINT('',(-0.0444999999999998,0.6,0.));
#4615=CARTESIAN_POINT('Origin',(1.36592399683213E-16,0.6,0.));
#4616=CARTESIAN_POINT('Origin',(0.,0.,0.05));
#4617=CARTESIAN_POINT('',(-0.4,-4.89858719658941E-17,0.05));
#4618=CARTESIAN_POINT('Origin',(0.,0.,0.05));
#4619=CARTESIAN_POINT('Origin',(0.,0.,0.05));
#4620=CARTESIAN_POINT('',(-0.4,-4.89858719658941E-17,0.05));
#4621=CARTESIAN_POINT('',(0.31224989991992,0.25,0.11875));
#4622=CARTESIAN_POINT('',(0.31224989991992,0.25,0.18125));
#4623=CARTESIAN_POINT('Ctrl Pts',(0.31224989991992,0.25,0.11875));
#4624=CARTESIAN_POINT('Ctrl Pts',(0.30894857995479,0.254123347314862,0.11875));
#4625=CARTESIAN_POINT('Ctrl Pts',(0.305300404621796,0.258496568556132,0.119603912358824));
#4626=CARTESIAN_POINT('Ctrl Pts',(0.298253957452362,0.266595929982227,0.123154350096772));
#4627=CARTESIAN_POINT('Ctrl Pts',(0.294856822792266,0.270326048047228,0.125844053457824));
#4628=CARTESIAN_POINT('Ctrl Pts',(0.289989197673606,0.275527634304692,0.131670369234723));
#4629=CARTESIAN_POINT('Ctrl Pts',(0.287994873082126,0.277602145879375,0.134844321337412));
#4630=CARTESIAN_POINT('Ctrl Pts',(0.285205116236547,0.280467538161134,0.142043738124513));
#4631=CARTESIAN_POINT('Ctrl Pts',(0.284426506324569,0.28125,0.146079056504748));
#4632=CARTESIAN_POINT('Ctrl Pts',(0.284426506324569,0.28125,0.15));
#4633=CARTESIAN_POINT('Ctrl Pts',(0.284426506324569,0.28125,0.153920943495252));
#4634=CARTESIAN_POINT('Ctrl Pts',(0.285205116236547,0.280467538161134,0.157956261875487));
#4635=CARTESIAN_POINT('Ctrl Pts',(0.287994873082126,0.277602145879375,0.165155678662588));
#4636=CARTESIAN_POINT('Ctrl Pts',(0.289989197673606,0.275527634304692,0.168329630765277));
#4637=CARTESIAN_POINT('Ctrl Pts',(0.294856822792266,0.270326048047228,0.174155946542175));
#4638=CARTESIAN_POINT('Ctrl Pts',(0.298253957452362,0.266595929982227,0.176845649903228));
#4639=CARTESIAN_POINT('Ctrl Pts',(0.305300404621796,0.258496568556132,0.180396087641176));
#4640=CARTESIAN_POINT('Ctrl Pts',(0.30894857995479,0.254123347314862,0.18125));
#4641=CARTESIAN_POINT('Ctrl Pts',(0.31224989991992,0.25,0.18125));
#4642=CARTESIAN_POINT('Ctrl Pts',(0.31224989991992,0.25,0.18125));
#4643=CARTESIAN_POINT('Ctrl Pts',(0.315344815336447,0.246134451883715,0.18125));
#4644=CARTESIAN_POINT('Ctrl Pts',(0.318611520870671,0.24189193607114,0.180493508629728));
#4645=CARTESIAN_POINT('Ctrl Pts',(0.324559483946306,0.233850702928897,0.177107102802075));
#4646=CARTESIAN_POINT('Ctrl Pts',(0.327243100355626,0.230055612147722,0.174472722902745));
#4647=CARTESIAN_POINT('Ctrl Pts',(0.33097503932603,0.224641577493234,0.168595486833389));
#4648=CARTESIAN_POINT('Ctrl Pts',(0.332434563111452,0.222464357051836,0.165299613234625));
#4649=CARTESIAN_POINT('Ctrl Pts',(0.334389059076546,0.219515571103368,0.157936592633048));
#4650=CARTESIAN_POINT('Ctrl Pts',(0.33488570811547,0.21875,0.153867491519455));
#4651=CARTESIAN_POINT('Ctrl Pts',(0.33488570811547,0.21875,0.146132508480545));
#4652=CARTESIAN_POINT('Ctrl Pts',(0.334389059076546,0.219515571103368,0.142063407366952));
#4653=CARTESIAN_POINT('Ctrl Pts',(0.332434563111452,0.222464357051836,0.134700386765375));
#4654=CARTESIAN_POINT('Ctrl Pts',(0.33097503932603,0.224641577493234,0.131404513166611));
#4655=CARTESIAN_POINT('Ctrl Pts',(0.327243100355626,0.230055612147722,0.125527277097255));
#4656=CARTESIAN_POINT('Ctrl Pts',(0.324559483946306,0.233850702928897,0.122892897197925));
#4657=CARTESIAN_POINT('Ctrl Pts',(0.318611520870671,0.24189193607114,0.119506491370272));
#4658=CARTESIAN_POINT('Ctrl Pts',(0.315344815336447,0.246134451883715,0.11875));
#4659=CARTESIAN_POINT('Ctrl Pts',(0.31224989991992,0.25,0.11875));
#4660=CARTESIAN_POINT('Origin',(0.25,0.25,0.15));
#4661=CARTESIAN_POINT('',(0.25,0.25,0.18125));
#4662=CARTESIAN_POINT('Origin',(-0.55,0.55,0.15));
#4663=CARTESIAN_POINT('',(-0.65,0.55,0.15));
#4664=CARTESIAN_POINT('Origin',(-0.55,0.55,0.15));
#4665=CARTESIAN_POINT('Origin',(-0.55,0.55,0.15));
#4666=CARTESIAN_POINT('',(-0.65,0.55,0.15));
#4667=CARTESIAN_POINT('Origin',(0.55,0.55,0.15));
#4668=CARTESIAN_POINT('',(0.45,0.55,0.15));
#4669=CARTESIAN_POINT('Origin',(0.55,0.55,0.15));
#4670=CARTESIAN_POINT('Origin',(0.55,0.55,0.15));
#4671=CARTESIAN_POINT('',(0.45,0.55,0.15));
#4672=CARTESIAN_POINT('Origin',(-0.55,-0.55,0.15));
#4673=CARTESIAN_POINT('',(-0.65,-0.55,0.15));
#4674=CARTESIAN_POINT('Origin',(-0.55,-0.55,0.15));
#4675=CARTESIAN_POINT('Origin',(-0.55,-0.55,0.15));
#4676=CARTESIAN_POINT('',(-0.65,-0.55,0.15));
#4677=CARTESIAN_POINT('Origin',(0.55,-0.55,0.15));
#4678=CARTESIAN_POINT('',(0.45,-0.55,0.15));
#4679=CARTESIAN_POINT('Origin',(0.55,-0.55,0.15));
#4680=CARTESIAN_POINT('Origin',(0.55,-0.55,0.15));
#4681=CARTESIAN_POINT('',(0.45,-0.55,0.15));
#4682=CARTESIAN_POINT('Origin',(1.36592399683213E-16,0.6,0.3));
#4683=CARTESIAN_POINT('',(-0.0444999999999998,0.6,0.3));
#4684=CARTESIAN_POINT('Origin',(-0.6,-1.95829761698242E-15,0.3));
#4685=CARTESIAN_POINT('',(-0.6445,-1.96374729523862E-15,0.3));
#4686=CARTESIAN_POINT('Origin',(-1.36592399683213E-16,-0.6,0.3));
#4687=CARTESIAN_POINT('',(-0.0445000000000001,-0.6,0.3));
#4688=CARTESIAN_POINT('Origin',(0.6,6.14807765031367E-15,0.3));
#4689=CARTESIAN_POINT('',(0.5555,6.14262797205747E-15,0.3));
#4690=CARTESIAN_POINT('',(1.5,1.5,1.5));
#4691=CARTESIAN_POINT('',(1.5,0.3,1.53));
#4692=CARTESIAN_POINT('',(1.49999805001886,1.55,1.74838271594513E-16));
#4693=CARTESIAN_POINT('',(3.05,0.75,0.75));
#4694=CARTESIAN_POINT('',(1.55,0.5,1.505));
#4695=CARTESIAN_POINT('',(1.49999509561858,4.5712923093982E-16,-0.0500000000000001));
#4696=CARTESIAN_POINT('',(1.2,0.75,0.75));
#4697=UNCERTAINTY_MEASURE_WITH_UNIT(LENGTH_MEASURE(0.000393700787401575),
#4715,'DISTANCE_ACCURACY_VALUE',
'Maximum model space distance between geometric entities at asserted c
onnectivities');
#4698=UNCERTAINTY_MEASURE_WITH_UNIT(LENGTH_MEASURE(0.000393700787401575),
#4715,'DISTANCE_ACCURACY_VALUE',
'Maximum model space distance between geometric entities at asserted c
onnectivities');
#4699=UNCERTAINTY_MEASURE_WITH_UNIT(LENGTH_MEASURE(0.000393700787401575),
#4715,'DISTANCE_ACCURACY_VALUE',
'Maximum model space distance between geometric entities at asserted c
onnectivities');
#4700=UNCERTAINTY_MEASURE_WITH_UNIT(LENGTH_MEASURE(0.000393700787401575),
#4715,'DISTANCE_ACCURACY_VALUE',
'Maximum model space distance between geometric entities at asserted c
onnectivities');
#4701=UNCERTAINTY_MEASURE_WITH_UNIT(LENGTH_MEASURE(0.000393700787401575),
#4715,'DISTANCE_ACCURACY_VALUE',
'Maximum model space distance between geometric entities at asserted c
onnectivities');
#4702=UNCERTAINTY_MEASURE_WITH_UNIT(LENGTH_MEASURE(0.000393700787401575),
#4715,'DISTANCE_ACCURACY_VALUE',
'Maximum model space distance between geometric entities at asserted c
onnectivities');
#4703=UNCERTAINTY_MEASURE_WITH_UNIT(LENGTH_MEASURE(0.000393700787401575),
#4715,'DISTANCE_ACCURACY_VALUE',
'Maximum model space distance between geometric entities at asserted c
onnectivities');
#4704=UNCERTAINTY_MEASURE_WITH_UNIT(LENGTH_MEASURE(0.000393700787401575),
#4715,'DISTANCE_ACCURACY_VALUE',
'Maximum model space distance between geometric entities at asserted c
onnectivities');
#4705=(
GEOMETRIC_REPRESENTATION_CONTEXT(3)
GLOBAL_UNCERTAINTY_ASSIGNED_CONTEXT((#4697))
GLOBAL_UNIT_ASSIGNED_CONTEXT((#4715,#4719,#4720))
REPRESENTATION_CONTEXT('','3D')
);
#4706=(
GEOMETRIC_REPRESENTATION_CONTEXT(3)
GLOBAL_UNCERTAINTY_ASSIGNED_CONTEXT((#4698))
GLOBAL_UNIT_ASSIGNED_CONTEXT((#4715,#4719,#4720))
REPRESENTATION_CONTEXT('','3D')
);
#4707=(
GEOMETRIC_REPRESENTATION_CONTEXT(3)
GLOBAL_UNCERTAINTY_ASSIGNED_CONTEXT((#4699))
GLOBAL_UNIT_ASSIGNED_CONTEXT((#4715,#4719,#4720))
REPRESENTATION_CONTEXT('','3D')
);
#4708=(
GEOMETRIC_REPRESENTATION_CONTEXT(3)
GLOBAL_UNCERTAINTY_ASSIGNED_CONTEXT((#4700))
GLOBAL_UNIT_ASSIGNED_CONTEXT((#4715,#4719,#4720))
REPRESENTATION_CONTEXT('','3D')
);
#4709=(
GEOMETRIC_REPRESENTATION_CONTEXT(3)
GLOBAL_UNCERTAINTY_ASSIGNED_CONTEXT((#4701))
GLOBAL_UNIT_ASSIGNED_CONTEXT((#4715,#4719,#4720))
REPRESENTATION_CONTEXT('','3D')
);
#4710=(
GEOMETRIC_REPRESENTATION_CONTEXT(3)
GLOBAL_UNCERTAINTY_ASSIGNED_CONTEXT((#4702))
GLOBAL_UNIT_ASSIGNED_CONTEXT((#4715,#4719,#4720))
REPRESENTATION_CONTEXT('','3D')
);
#4711=(
GEOMETRIC_REPRESENTATION_CONTEXT(3)
GLOBAL_UNCERTAINTY_ASSIGNED_CONTEXT((#4703))
GLOBAL_UNIT_ASSIGNED_CONTEXT((#4715,#4719,#4720))
REPRESENTATION_CONTEXT('','3D')
);
#4712=(
GEOMETRIC_REPRESENTATION_CONTEXT(3)
GLOBAL_UNCERTAINTY_ASSIGNED_CONTEXT((#4704))
GLOBAL_UNIT_ASSIGNED_CONTEXT((#4715,#4719,#4720))
REPRESENTATION_CONTEXT('','3D')
);
#4713=DIMENSIONAL_EXPONENTS(1.,0.,0.,0.,0.,0.,0.);
#4714=DIMENSIONAL_EXPONENTS(0.,1.,0.,0.,0.,0.,0.);
#4715=(
CONVERSION_BASED_UNIT('inch',#4718)
LENGTH_UNIT()
NAMED_UNIT(#4713)
);
#4716=(
LENGTH_UNIT()
NAMED_UNIT(*)
SI_UNIT(.MILLI.,.METRE.)
);
#4717=(
LENGTH_UNIT()
NAMED_UNIT(*)
SI_UNIT(.CENTI.,.METRE.)
);
#4718=LENGTH_MEASURE_WITH_UNIT(LENGTH_MEASURE(25.4),#4716);
#4719=(
NAMED_UNIT(*)
PLANE_ANGLE_UNIT()
SI_UNIT($,.RADIAN.)
);
#4720=(
NAMED_UNIT(*)
SI_UNIT($,.STERADIAN.)
SOLID_ANGLE_UNIT()
);
#4721=SHAPE_DEFINITION_REPRESENTATION(#4728,#4742);
#4722=SHAPE_DEFINITION_REPRESENTATION(#4729,#4743);
#4723=SHAPE_DEFINITION_REPRESENTATION(#4730,#4744);
#4724=SHAPE_DEFINITION_REPRESENTATION(#4731,#4745);
#4725=SHAPE_DEFINITION_REPRESENTATION(#4732,#4746);
#4726=SHAPE_DEFINITION_REPRESENTATION(#4733,#4747);
#4727=SHAPE_DEFINITION_REPRESENTATION(#4734,#4748);
#4728=PRODUCT_DEFINITION_SHAPE('',$,#4750);
#4729=PRODUCT_DEFINITION_SHAPE('',$,#4751);
#4730=PRODUCT_DEFINITION_SHAPE('',$,#4752);
#4731=PRODUCT_DEFINITION_SHAPE('',$,#4753);
#4732=PRODUCT_DEFINITION_SHAPE('',$,#4754);
#4733=PRODUCT_DEFINITION_SHAPE('',$,#4755);
#4734=PRODUCT_DEFINITION_SHAPE('',$,#4756);
#4735=PRODUCT_DEFINITION_SHAPE($,$,#32);
#4736=PRODUCT_DEFINITION_SHAPE($,$,#33);
#4737=PRODUCT_DEFINITION_SHAPE($,$,#34);
#4738=PRODUCT_DEFINITION_SHAPE($,$,#35);
#4739=PRODUCT_DEFINITION_SHAPE($,$,#36);
#4740=PRODUCT_DEFINITION_SHAPE($,$,#37);
#4741=PRODUCT_DEFINITION_SHAPE($,$,#38);
#4742=SHAPE_REPRESENTATION('',(#2827,#3118,#3119,#3120,#3121,#3122,#3123,
#3124),#4705);
#4743=SHAPE_REPRESENTATION('',(#2828),#4706);
#4744=SHAPE_REPRESENTATION('',(#2987),#4707);
#4745=SHAPE_REPRESENTATION('',(#3010),#4708);
#4746=SHAPE_REPRESENTATION('',(#3036),#4709);
#4747=SHAPE_REPRESENTATION('',(#3043),#4710);
#4748=SHAPE_REPRESENTATION('',(#3062),#4711);
#4749=PRODUCT_DEFINITION_CONTEXT('part definition',#4772,'design');
#4750=PRODUCT_DEFINITION('fluorescence_cooling_cell_installed',
'fluorescence_cooling_cell_installed',#4757,#4749);
#4751=PRODUCT_DEFINITION('fluorescence cooling cell_meassurements',
'fluorescence cooling cell',#4758,#4749);
#4752=PRODUCT_DEFINITION('fluorescence side window cover',
'fluorescence side window cover',#4759,#4749);
#4753=PRODUCT_DEFINITION('cooling cell output cover',
'cooling cell output cover',#4760,#4749);
#4754=PRODUCT_DEFINITION('fluorescence side window',
'fluorescence side window',#4761,#4749);
#4755=PRODUCT_DEFINITION('fluorescence window cover',
'fluorescence window cover',#4762,#4749);
#4756=PRODUCT_DEFINITION('Cooling cell gas inlet',
'Cooling cell gas inlet',#4763,#4749);
#4757=PRODUCT_DEFINITION_FORMATION('',$,#4774);
#4758=PRODUCT_DEFINITION_FORMATION('',$,#4775);
#4759=PRODUCT_DEFINITION_FORMATION('',$,#4776);
#4760=PRODUCT_DEFINITION_FORMATION('',$,#4777);
#4761=PRODUCT_DEFINITION_FORMATION('',$,#4778);
#4762=PRODUCT_DEFINITION_FORMATION('',$,#4779);
#4763=PRODUCT_DEFINITION_FORMATION('',$,#4780);
#4764=PRODUCT_RELATED_PRODUCT_CATEGORY(
'fluorescence_cooling_cell_installed',
'fluorescence_cooling_cell_installed',(#4774));
#4765=PRODUCT_RELATED_PRODUCT_CATEGORY('fluorescence cooling cell',
'fluorescence cooling cell',(#4775));
#4766=PRODUCT_RELATED_PRODUCT_CATEGORY('fluorescence side window cover',
'fluorescence side window cover',(#4776));
#4767=PRODUCT_RELATED_PRODUCT_CATEGORY('cooling cell output cover',
'cooling cell output cover',(#4777));
#4768=PRODUCT_RELATED_PRODUCT_CATEGORY('fluorescence side window',
'fluorescence side window',(#4778));
#4769=PRODUCT_RELATED_PRODUCT_CATEGORY('fluorescence window cover',
'fluorescence window cover',(#4779));
#4770=PRODUCT_RELATED_PRODUCT_CATEGORY('Cooling cell gas inlet',
'Cooling cell gas inlet',(#4780));
#4771=APPLICATION_PROTOCOL_DEFINITION('international standard',
'automotive_design',2009,#4772);
#4772=APPLICATION_CONTEXT(
'Core Data for Automotive Mechanical Design Process');
#4773=PRODUCT_CONTEXT('part definition',#4772,'mechanical');
#4774=PRODUCT('fluorescence_cooling_cell_installed',
'fluorescence_cooling_cell_installed',$,(#4773));
#4775=PRODUCT('fluorescence cooling cell_meassurements',
'fluorescence cooling cell',$,(#4773));
#4776=PRODUCT('fluorescence side window cover',
'fluorescence side window cover',$,(#4773));
#4777=PRODUCT('cooling cell output cover','cooling cell output cover',$,
(#4773));
#4778=PRODUCT('fluorescence side window','fluorescence side window',$,(#4773));
#4779=PRODUCT('fluorescence window cover','fluorescence window cover',$,
(#4773));
#4780=PRODUCT('Cooling cell gas inlet','Cooling cell gas inlet',$,(#4773));
ENDSEC;
END-ISO-10303-21;
